단속일시,단속원금,단속동,단속장소,위반내용,견인지시
2023-01-01 3:36,32000,자양동,서울특별시 광진구 자양로 61,보도,미견인
2023-01-01 3:38,40000,자양동,서울특별시 광진구 자양로 61,보도,미견인
2023-01-01 9:33,32000,구의동,서울특별시 광진구 아차산로55길 11,횡단보도,미견인
2023-01-01 10:14,40000,자양동,서울특별시 광진구 자양로13길 98,횡단보도,미견인
2023-01-01 11:21,40000,중곡동,서울 광진구 중곡동 437-8,교통소통장애,미견인
2023-01-01 11:21,32000,중곡동,서울 광진구 중곡동 437-8,교통소통장애,미견인
2023-01-01 11:25,40000,중곡동,서울 광진구 중곡동 437-8,교통소통장애,미견인
2023-01-01 11:30,32000,자양동,서울특별시 광진구 뚝섬로31길 5,보도,미견인
2023-01-01 16:17,32000,군자동,서울특별시 광진구 능동로 243-1,보도,미견인
2023-01-01 19:11,32000,중곡동,서울특별시 광진구 면목로 120,보도,미견인
2023-01-01 19:16,32000,중곡동,서울특별시 광진구 긴고랑로 15,버스정류소,미견인
2023-01-01 19:22,40000,중곡동,서울특별시 광진구 긴고랑로 11-2,보도,미견인
2023-01-01 19:29,32000,중곡동,서울특별시 광진구 면목로 112,보도,미견인
2023-01-01 19:32,40000,중곡동,서울특별시 광진구 긴고랑로 32,횡단보도,미견인
2023-01-01 19:41,32000,구의동,서울특별시 광진구 자양로 275,보도,미견인
2023-01-01 19:43,32000,중곡동,서울특별시 광진구 능동로 415,버스정류소,미견인
2023-01-01 19:57,40000,중곡동,서울특별시 광진구 긴고랑로 90,횡단보도,미견인
2023-01-01 20:04,40000,중곡동,서울특별시 광진구 용마산로 85,보도,미견인
2023-01-01 20:09,40000,중곡동,서울특별시 광진구 용마산로 101,보도,미견인
2023-01-01 20:11,40000,중곡동,서울특별시 광진구 용마산로 103,보도,미견인
2023-01-01 20:49,40000,구의동,서울특별시 광진구 자양로 324,보도,미견인
2023-01-01 22:47,32000,자양동,서울특별시 광진구 뚝섬로 513,보도,미견인
2023-01-02 6:31,32000,자양동,서울특별시 광진구 뚝섬로31가길 1,보도,미견인
2023-01-02 8:29,32000,구의동,서울 광진구 구의동 15-1,교통소통장애,미견인
2023-01-02 8:30,40000,구의동,서울 광진구 구의동 15-1,교통소통장애,미견인
2023-01-02 8:58,32000,자양동,서울 광진구 자양동 23-3,교통소통장애,미견인
2023-01-02 8:59,32000,자양동,서울특별시 광진구 동일로20길 7,교통소통장애,미견인
2023-01-02 9:00,32000,자양동,서울 광진구 자양동 23-3,도로 모퉁이,미견인
2023-01-02 9:06,32000,광장동,서울 광진구 광장동 56-2,안전지대,미견인
2023-01-02 11:08,32000,자양동,서울 광진구 자양동 97-1,도로 모퉁이,미견인
2023-01-02 12:43,40000,화양동,서울특별시 광진구 아차산로 219-2,보도,미견인
2023-01-02 13:13,40000,자양동,서울특별시 광진구 뚝섬로34길 25-19,도로 모퉁이,미견인
2023-01-02 14:24,32000,자양동,서울 광진구 자양동 57-14,교통소통장애,미견인
2023-01-02 14:25,32000,구의동,서울특별시 광진구 영화사로 76,보도,미견인
2023-01-02 14:42,50000,구의동,서울특별시 광진구 구의로 6,보도,미견인
2023-01-02 15:59,32000,중곡동,서울 광진구 중곡동 51-12,소화전,견인처리
2023-01-02 17:09,40000,중곡동,서울특별시 광진구 능동로38길 41,횡단보도,견인처리
2023-01-02 18:03,32000,군자동,서울특별시 광진구 능동로 271-1,보도,미견인
2023-01-02 18:14,32000,군자동,서울특별시 광진구 군자로 76,보도,미견인
2023-01-02 18:46,32000,중곡동,서울특별시 광진구 용마산로 101,보도,미견인
2023-01-02 18:56,32000,중곡동,서울특별시 광진구 용마산로 113,보도,미견인
2023-01-02 19:02,32000,중곡동,서울특별시 광진구 용마산로 102,보도,미견인
2023-01-02 19:10,32000,중곡동,서울특별시 광진구 용마산로 98,버스정류소,미견인
2023-01-02 19:14,32000,중곡동,서울특별시 광진구 용마산로 93,보도,미견인
2023-01-02 19:18,40000,중곡동,서울특별시 광진구 용마산로 91,보도,미견인
2023-01-02 19:38,40000,중곡동,서울특별시 광진구 긴고랑로 48,버스정류소,미견인
2023-01-02 19:44,32000,중곡동,서울특별시 광진구 긴고랑로 43,버스정류소,미견인
2023-01-02 19:48,40000,중곡동,서울특별시 광진구 긴고랑로 35,보도,미견인
2023-01-03 11:46,32000,화양동,서울특별시 광진구 아차산로 205,보도,미견인
2023-01-03 12:07,40000,중곡동,서울특별시 광진구 능동로 372,보도,미견인
2023-01-03 12:37,32000,중곡동,서울특별시 광진구 능동로 378,보도,미견인
2023-01-03 13:56,32000,중곡동,서울특별시 광진구 면목로 156,보도,미견인
2023-01-03 16:14,32000,중곡동,서울 광진구 중곡동 266-5,보도,미견인
2023-01-04 8:35,32000,자양동,서울 광진구 구의동 600,교통소통장애,미견인
2023-01-04 8:47,40000,자양동,서울 광진구 자양동 732-2,보도,미견인
2023-01-04 8:50,32000,광장동,서울 광진구 광장동 100,안전지대,미견인
2023-01-04 8:50,40000,자양동,서울 광진구 자양동 742,도로 모퉁이,미견인
2023-01-04 8:51,32000,광장동,서울 광진구 광장동 100,안전지대,미견인
2023-01-04 8:51,40000,광장동,서울 광진구 광장동 100,안전지대,미견인
2023-01-04 8:52,32000,광장동,서울 광진구 광장동 100,안전지대,미견인
2023-01-04 9:20,32000,광장동,서울 광진구 광장동 172-8,횡단보도,미견인
2023-01-04 9:21,32000,광장동,서울 광진구 광장동 172-8,횡단보도,미견인
2023-01-04 9:33,40000,화양동,서울특별시 광진구 능동로19길 47,교통소통장애,미견인
2023-01-04 10:00,32000,구의동,서울 광진구 구의동 114,교통소통장애,미견인
2023-01-04 10:41,104000,구의동,서울 광진구 구의동 131,교통소통장애,미견인
2023-01-04 12:40,40000,중곡동,서울특별시 광진구 면목로 154,보도,미견인
2023-01-04 13:41,40000,자양동,서울특별시 광진구 아차산로 192,교통소통장애,미견인
2023-01-04 13:43,50000,자양동,서울 광진구 자양동 23-2,교통소통장애,미견인
2023-01-04 13:44,32000,자양동,서울 광진구 자양동 23-2,교통소통장애,미견인
2023-01-04 13:45,40000,자양동,서울 광진구 자양동 23-2,교통소통장애,미견인
2023-01-04 13:54,32000,화양동,서울 광진구 화양동 12-63,교통소통장애,미견인
2023-01-04 18:00,32000,중곡동,서울특별시 광진구 용마산로 36,보도,미견인
2023-01-04 18:46,32000,중곡동,서울특별시 광진구 능동로 366,보도,미견인
2023-01-04 18:56,40000,중곡동,서울특별시 광진구 긴고랑로20길 3,버스정류소,미견인
2023-01-04 19:06,40000,중곡동,서울특별시 광진구 용마산로 84,보도,미견인
2023-01-04 19:09,32000,중곡동,서울특별시 광진구 용마산로 86,보도,미견인
2023-01-04 19:14,32000,중곡동,서울특별시 광진구 용마산로 97,보도,미견인
2023-01-04 19:16,32000,중곡동,서울특별시 광진구 용마산로 101,보도,미견인
2023-01-04 19:24,40000,광장동,서울 광진구 광장동 535-1,교통소통장애,미견인
2023-01-04 19:24,40000,광장동,서울 광진구 광장동 535-1,교통소통장애,미견인
2023-01-04 19:25,40000,광장동,서울 광진구 광장동 535-1,교통소통장애,미견인
2023-01-04 19:26,32000,중곡동,서울특별시 광진구 긴고랑로 90,횡단보도,미견인
2023-01-04 19:35,40000,중곡동,서울특별시 광진구 긴고랑로 43,버스정류소,미견인
2023-01-04 19:38,32000,중곡동,서울특별시 광진구 긴고랑로 43,버스정류소,미견인
2023-01-04 19:42,40000,중곡동,서울특별시 광진구 면목로12길 3,교통소통장애,미견인
2023-01-04 19:43,32000,중곡동,서울 광진구 중곡동 265-1,교통소통장애,미견인
2023-01-04 19:45,32000,중곡동,서울 광진구 중곡동 264-6,보도,견인처리
2023-01-04 19:47,40000,중곡동,서울특별시 광진구 면목로 113-1,보도,미견인
2023-01-04 19:49,40000,중곡동,서울특별시 광진구 능동로 지하 417,소화전,견인처리
2023-01-04 20:09,40000,구의동,서울특별시 광진구 구의강변로 106,교통소통장애,미견인
2023-01-04 20:42,40000,구의동,서울 광진구 구의동 246-21,교통소통장애,미견인
2023-01-04 20:42,40000,구의동,서울 광진구 구의동 246-21,교통소통장애,미견인
2023-01-04 20:43,32000,구의동,서울 광진구 구의동 252-22,교통소통장애,미견인
2023-01-05 7:15,64000,중곡동,서울 광진구 중곡동 438-3,교통소통장애,미견인
2023-01-05 13:52,32000,중곡동,서울특별시 광진구 능동로 413,보도,미견인
2023-01-05 16:42,40000,구의동,서울특별시 광진구 구의강변로 47,보도,미견인
2023-01-05 16:50,32000,구의동,서울특별시 광진구 구의강변로 102,교통소통장애,미견인
2023-01-05 16:51,40000,구의동,서울 광진구 구의동 199-23,교통소통장애,미견인
2023-01-05 16:51,40000,구의동,서울 광진구 구의동 199-23,교통소통장애,미견인
2023-01-05 18:05,40000,중곡동,서울특별시 광진구 능동로 381,보도,미견인
2023-01-05 19:32,50000,자양동,서울특별시 광진구 능동로 33-17,안전지대,미견인
2023-01-06 6:22,40000,중곡동,서울특별시 광진구 능동로 325-1,보도,미견인
2023-01-06 7:58,32000,광장동,서울 광진구 아차산로78길 90 (광장동),보도,미견인
2023-01-06 8:00,32000,구의동,서울특별시 광진구 아차산로 417,보도,미견인
2023-01-06 8:13,32000,구의동,서울 광진구 구의동 640-2,보도,미견인
2023-01-06 8:18,32000,화양동,서울특별시 광진구 군자로 9,교통소통장애,미견인
2023-01-06 10:17,40000,자양동,서울 광진구 자양동 497-2,도로 모퉁이,미견인
2023-01-06 10:26,32000,자양동,서울 광진구 자양동 749,주차방법위반,미견인
2023-01-06 10:35,32000,자양동,서울 광진구 자양동 856-16,교통소통장애,미견인
2023-01-06 13:24,40000,중곡동,서울특별시 광진구 면목로 154,보도,미견인
2023-01-06 13:44,32000,광장동,서울특별시 광진구 광나루로 571,교통소통장애,미견인
2023-01-06 13:45,32000,광장동,서울특별시 광진구 광나루로 571,교통소통장애,미견인
2023-01-06 13:46,32000,광장동,서울특별시 광진구 광나루로 571,교통소통장애,미견인
2023-01-06 13:52,32000,광장동,서울 광진구 광장동 320-4,교통소통장애,미견인
2023-01-06 13:53,32000,광장동,서울 광진구 광장동 320-4,교통소통장애,미견인
2023-01-06 13:54,40000,자양동,서울특별시 광진구 자양로 55,교통소통장애,미견인
2023-01-06 13:55,32000,자양동,서울특별시 광진구 자양로 55,교통소통장애,미견인
2023-01-06 13:56,32000,자양동,서울특별시 광진구 자양로 55,교통소통장애,미견인
2023-01-06 13:57,40000,자양동,서울특별시 광진구 자양로 55,보도,미견인
2023-01-06 14:31,40000,자양동,서울 광진구 자양동 8-6,교통소통장애,미견인
2023-01-06 19:27,32000,중곡동,서울 광진구 긴고랑로 18-1 (중곡동),보도,미견인
2023-01-07 13:13,40000,자양동,서울특별시 광진구 자양로 81,보도,미견인
2023-01-07 13:17,40000,자양동,서울특별시 광진구 자양로 75,보도,미견인
2023-01-07 13:26,32000,중곡동,서울특별시 광진구 용마산로 36,보도,미견인
2023-01-07 13:26,40000,자양동,서울특별시 광진구 자양로 39,보도,미견인
2023-01-07 14:50,40000,구의동,서울특별시 광진구 아차산로60길 9,횡단보도,미견인
2023-01-07 14:52,32000,자양동,서울특별시 광진구 뚝섬로 515,보도,미견인
2023-01-07 14:53,32000,자양동,서울특별시 광진구 뚝섬로31길 5,보도,미견인
2023-01-07 17:45,32000,구의동,서울특별시 광진구 광나루로 516,횡단보도,미견인
2023-01-07 18:21,32000,중곡동,서울특별시 광진구 면목로 131-1,보도,미견인
2023-01-07 19:24,32000,중곡동,서울특별시 광진구 긴고랑로 43,버스정류소,미견인
2023-01-07 19:27,32000,중곡동,서울특별시 광진구 긴고랑로 43,버스정류소,미견인
2023-01-07 19:39,32000,중곡동,서울특별시 광진구 긴고랑로 24,보도,미견인
2023-01-07 19:47,40000,중곡동,서울특별시 광진구 긴고랑로 16,버스정류소,미견인
2023-01-07 19:54,40000,중곡동,서울특별시 광진구 긴고랑로 15,버스정류소,미견인
2023-01-07 19:58,40000,중곡동,서울특별시 광진구 긴고랑로 17-1,횡단보도,미견인
2023-01-07 19:59,40000,자양동,서울특별시 광진구 뚝섬로 513,보도,미견인
2023-01-07 20:14,32000,중곡동,서울특별시 광진구 긴고랑로 39,보도,미견인
2023-01-07 20:18,32000,광장동,서울 광진구 광장동 9-3,주정차금지(황색실선)구역,미견인
2023-01-07 20:25,40000,중곡동,서울특별시 광진구 긴고랑로 43,버스정류소,미견인
2023-01-07 20:40,32000,중곡동,서울 광진구 중곡동 438-2,버스정류소,미견인
2023-01-07 20:44,40000,자양동,서울특별시 광진구 동일로12길 28,교차로,미견인
2023-01-07 20:52,32000,중곡동,서울 광진구 중곡동 280-2,버스정류소,미견인
2023-01-07 20:52,40000,중곡동,서울 광진구 중곡동 280-2,버스정류소,미견인
2023-01-07 21:17,32000,중곡동,서울특별시 광진구 능동로37길 7,교통소통장애,미견인
2023-01-08 8:22,32000,중곡동,서울 광진구 중곡동 675,소방기계 비치장소,미견인
2023-01-08 12:59,32000,자양동,서울특별시 광진구 뚝섬로 515,보도,미견인
2023-01-08 12:59,32000,자양동,서울특별시 광진구 뚝섬로 515,보도,미견인
2023-01-08 13:51,40000,중곡동,서울특별시 광진구 영화사로 59-1,버스정류소,미견인
2023-01-08 15:17,40000,중곡동,서울특별시 광진구 동일로72길 23-1,보도,미견인
2023-01-08 20:41,32000,자양동,서울특별시 광진구 구의강변로 11,횡단보도,미견인
2023-01-09 1:23,40000,자양동,서울 광진구 아차산로 244-2 (자양동),보도,미견인
2023-01-09 1:26,40000,자양동,서울 광진구 아차산로 244-2 (자양동),보도,미견인
2023-01-09 6:25,40000,중곡동,서울특별시 광진구 능동로 325-1,보도,미견인
2023-01-09 18:06,32000,구의동,서울 광진구 구의강변로 22 (구의동),횡단보도,미견인
2023-01-09 18:23,32000,중곡동,서울 광진구 중곡동 41-35,보도,미견인
2023-01-09 18:37,32000,중곡동,서울 광진구 중곡동 150-120,보도,미견인
2023-01-09 18:40,32000,중곡동,서울 광진구 중곡동 266-5,보도,미견인
2023-01-09 18:42,40000,구의동,서울특별시 광진구 뚝섬로 742,보도,미견인
2023-01-09 18:43,40000,중곡동,서울 광진구 용마산로 84 (중곡동),보도,미견인
2023-01-09 18:57,32000,중곡동,서울 광진구 용마산로 98 (중곡동),버스정류소,미견인
2023-01-09 19:02,32000,중곡동,서울 광진구 용마산로 93 (중곡동),보도,미견인
2023-01-09 19:38,32000,중곡동,서울 광진구 중곡동 266-5,보도,미견인
2023-01-09 19:44,96000,군자동,서울 광진구 군자로 88 (군자동),특별구역,미견인
2023-01-09 20:57,40000,자양동,서울 광진구 뚝섬로 520-3 (자양동),안전지대,미견인
2023-01-09 21:00,40000,자양동,서울 광진구 뚝섬로 515 (자양동),보도,미견인
2023-01-10 10:27,32000,능동,서울 광진구 능동 256-16,보도,미견인
2023-01-10 10:27,40000,능동,서울 광진구 능동 256-16,보도,미견인
2023-01-10 10:28,40000,능동,서울 광진구 능동 256-16,보도,미견인
2023-01-10 10:49,32000,중곡동,서울 광진구 중곡동 277-6,도로 모퉁이,미견인
2023-01-10 13:20,32000,군자동,서울 광진구 능동 280-1,교통소통장애,미견인
2023-01-10 13:24,32000,능동,서울 광진구 능동 222-7,교통소통장애,미견인
2023-01-10 13:38,32000,군자동,서울특별시 광진구 천호대로 지하 550,보도,미견인
2023-01-10 13:39,40000,군자동,서울 광진구 중곡동 659,보도,견인처리
2023-01-10 13:44,32000,중곡동,서울 광진구 면목로 156 (중곡동),보도,미견인
2023-01-10 13:55,32000,중곡동,서울 광진구 중곡동 169-90,도로 모퉁이,견인처리
2023-01-10 14:11,40000,중곡동,서울특별시 광진구 천호대로119길 16,도로 모퉁이,견인처리
2023-01-10 16:49,40000,구의동,서울 광진구 구의강변로 38 (구의동),보도,미견인
2023-01-10 16:58,32000,구의동,서울 광진구 구의강변로 50 (구의동),보도,미견인
2023-01-10 17:36,40000,중곡동,서울 광진구 능동로 333-1 (중곡동),보도,미견인
2023-01-10 18:35,32000,중곡동,서울 광진구 중곡동 280-7,버스정류소,미견인
2023-01-10 18:39,32000,중곡동,"서울 광진구 긴고랑로20길 3 (중곡동, 더 클래식)",버스정류소,미견인
2023-01-10 18:54,32000,중곡동,서울 광진구 용마산로 81 (중곡동),보도,미견인
2023-01-10 19:00,32000,중곡동,서울 광진구 용마산로 97 (중곡동),보도,미견인
2023-01-10 19:03,40000,중곡동,서울 광진구 용마산로 97 (중곡동),보도,미견인
2023-01-10 19:07,32000,중곡동,서울 광진구 용마산로 96 (중곡동),보도,미견인
2023-01-10 19:16,32000,중곡동,서울 광진구 용마산로 98 (중곡동),버스정류소,미견인
2023-01-10 19:21,32000,중곡동,서울 광진구 용마산로 84 (중곡동),보도,미견인
2023-01-10 19:22,32000,자양동,서울 광진구 자양동 550-2,안전지대,견인처리
2023-01-10 19:23,32000,자양동,서울 광진구 자양동 550-2,안전지대,견인처리
2023-01-10 19:56,32000,화양동,서울특별시 광진구 광나루로20길 23,교통소통장애,미견인
2023-01-10 19:57,32000,화양동,서울특별시 광진구 광나루로20길 23,교통소통장애,미견인
2023-01-10 20:55,40000,군자동,서울 광진구 군자로 145 (군자동),보도,미견인
2023-01-10 20:58,32000,군자동,서울 광진구 면목로 5-1 (군자동),버스정류소,미견인
2023-01-10 21:26,32000,자양동,서울 광진구 아차산로 238 (자양동),보도,미견인
2023-01-10 21:28,40000,자양동,서울 광진구 아차산로 236 (자양동),보도,미견인
2023-01-10 21:36,40000,자양동,서울 광진구 자양동 553-22,안전지대,미견인
2023-01-10 21:40,40000,자양동,서울 광진구 뚝섬로 515 (자양동),보도,미견인
2023-01-10 21:46,32000,중곡동,서울 광진구 동일로 440 (중곡동),보도,미견인
2023-01-10 21:48,40000,중곡동,서울 광진구 동일로 440 (중곡동),보도,미견인
2023-01-10 22:18,50000,중곡동,"서울 광진구 동일로72길 23-1 (중곡동, 금상빌리지)",보도,미견인
2023-01-10 23:24,40000,중곡동,서울 광진구 중곡동 266-5,보도,미견인
2023-01-10 23:30,32000,중곡동,서울 광진구 중곡동 664,보도,미견인
2023-01-11 2:03,32000,자양동,서울특별시 광진구 자양번영로 12,보도,미견인
2023-01-11 7:10,32000,광장동,서울 광진구 아차산로78길 90 (광장동),보도,미견인
2023-01-11 7:26,40000,자양동,서울 광진구 아차산로34길 18 (자양동),횡단보도,미견인
2023-01-11 10:59,32000,중곡동,서울 광진구 중곡동 275-14,횡단보도,미견인
2023-01-11 15:01,32000,중곡동,서울 광진구 면목로 147 (중곡동),보도,미견인
2023-01-11 18:30,32000,중곡동,서울 광진구 동일로 440 (중곡동),보도,미견인
2023-01-11 18:36,40000,중곡동,서울 광진구 면목로 112 (중곡동),보도,미견인
2023-01-11 18:50,40000,중곡동,서울 광진구 긴고랑로 35 (중곡동),보도,미견인
2023-01-11 18:53,32000,중곡동,서울 광진구 긴고랑로 37 (중곡동),보도,미견인
2023-01-11 19:00,40000,중곡동,"서울 광진구 긴고랑로 43 (중곡동, 넥스트 플래닛)",버스정류소,미견인
2023-01-11 19:12,32000,중곡동,서울 광진구 긴고랑로 71 (중곡동),버스정류소,미견인
2023-01-11 19:23,32000,중곡동,서울 광진구 용마산로 84 (중곡동),보도,미견인
2023-01-11 19:26,32000,중곡동,서울 광진구 용마산로 86 (중곡동),보도,미견인
2023-01-11 19:35,32000,중곡동,서울 광진구 용마산로 93 (중곡동),보도,미견인
2023-01-11 20:14,32000,중곡동,서울 광진구 긴고랑로 71 (중곡동),버스정류소,미견인
2023-01-11 20:22,32000,중곡동,"서울 광진구 긴고랑로 43 (중곡동, 넥스트 플래닛)",버스정류소,미견인
2023-01-11 22:16,32000,구의동,서울 광진구 아차산로55길 20 (구의동),횡단보도,미견인
2023-01-12 7:04,32000,화양동,서울 광진구 광나루로18길 21 (화양동),교차로,미견인
2023-01-12 7:19,32000,중곡동,서울 광진구 능동로 333-1 (중곡동),보도,미견인
2023-01-12 8:29,32000,구의동,서울특별시 광진구 광나루로 545,도로 모퉁이,미견인
2023-01-12 8:30,40000,구의동,서울 광진구 구의동 668-7,보도,미견인
2023-01-12 8:31,40000,구의동,서울 광진구 구의동 668-7,교통소통장애,미견인
2023-01-12 8:32,96000,구의동,서울특별시 광진구 광나루로 545,특별구역,미견인
2023-01-12 8:34,40000,구의동,서울특별시 광진구 천호대로 716-10,교통소통장애,미견인
2023-01-12 8:38,32000,능동,서울 광진구 능동로 266 (능동),보도,미견인
2023-01-12 8:44,32000,광장동,서울 광진구 광장동 381-50,안전지대,미견인
2023-01-12 8:45,32000,광장동,서울 광진구 광장동 381-49,안전지대,미견인
2023-01-12 8:57,32000,중곡동,서울 광진구 중곡동 280-4,도로 모퉁이,미견인
2023-01-12 9:01,32000,중곡동,서울 광진구 중곡동 277-6,도로 모퉁이,미견인
2023-01-12 9:13,40000,능동,서울특별시 광진구 천호대로 632,보도,미견인
2023-01-12 9:20,32000,화양동,서울특별시 광진구 광나루로 352,횡단보도,미견인
2023-01-12 9:43,32000,광장동,서울 광진구 광장동 320-4,교통소통장애,미견인
2023-01-12 9:58,32000,중곡동,서울특별시 광진구 용마산로 82,교통소통장애,미견인
2023-01-12 10:12,40000,능동,서울 광진구 능동 197-9,도로 모퉁이,미견인
2023-01-12 12:05,40000,군자동,서울 광진구 능동로 247 (군자동),보도,미견인
2023-01-12 13:17,32000,능동,서울 광진구 능동 316-1,교통소통장애,미견인
2023-01-12 13:20,32000,구의동,서울 광진구 구의동 645-9,보도,미견인
2023-01-12 13:36,32000,중곡동,서울 광진구 중곡동 659,보도,미견인
2023-01-12 13:57,32000,구의동,서울 광진구 구의동 593-15,교통소통장애,미견인
2023-01-12 14:15,40000,능동,서울 광진구 능동 256-16,보도,미견인
2023-01-12 14:16,32000,능동,서울 광진구 능동 256-16,보도,미견인
2023-01-12 14:17,40000,능동,서울 광진구 능동 256-16,보도,미견인
2023-01-12 14:34,40000,화양동,서울 광진구 아차산로 205 (화양동),보도,미견인
2023-01-12 17:04,32000,중곡동,서울 광진구 용마산로 96 (중곡동),보도,미견인
2023-01-12 17:08,10000,중곡동,서울 광진구 용마산로 93 (중곡동),보도,미견인
2023-01-12 17:13,40000,중곡동,서울 광진구 용마산로 96 (중곡동),보도,미견인
2023-01-12 17:19,32000,중곡동,서울 광진구 용마산로 86 (중곡동),보도,미견인
2023-01-12 17:39,8000,중곡동,서울 광진구 긴고랑로 71 (중곡동),버스정류소,미견인
2023-01-12 17:48,40000,중곡동,"서울 광진구 능동로 362 (중곡동, 타워캐슬)",보도,미견인
2023-01-12 17:54,40000,중곡동,"서울 광진구 긴고랑로 43 (중곡동, 넥스트 플래닛)",버스정류소,미견인
2023-01-12 18:02,32000,중곡동,서울 광진구 면목로 126 (중곡동),보도,미견인
2023-01-12 18:18,40000,중곡동,서울 광진구 긴고랑로 20 (중곡동),보도,미견인
2023-01-12 18:44,32000,구의동,서울 광진구 아차산로 421 (구의동),보도,미견인
2023-01-12 20:57,32000,중곡동,서울 광진구 용마산로 38 (중곡동),보도,미견인
2023-01-12 20:57,40000,자양동,서울 광진구 자양동 510-6,안전지대,견인처리
2023-01-12 21:22,32000,자양동,서울 광진구 뚝섬로 520-3 (자양동),안전지대,미견인
2023-01-12 21:26,8000,광장동,서울 광진구 광장로1다길 60 (광장동),안전지대,미견인
2023-01-12 22:50,32000,자양동,서울 광진구 동일로12길 28 (자양동),교차로,미견인
2023-01-13 9:40,40000,자양동,서울특별시 광진구 아차산로 362,보도,미견인
2023-01-13 13:13,32000,중곡동,서울 광진구 면목로 131-1 (중곡동),버스정류소,미견인
2023-01-13 13:23,40000,중곡동,서울 광진구 긴고랑로 52 (중곡동),보도,미견인
2023-01-13 13:31,50000,중곡동,서울 광진구 능동로 332 (중곡동),보도,미견인
2023-01-13 13:32,40000,중곡동,서울 광진구 능동로 330 (중곡동),보도,미견인
2023-01-13 14:22,40000,중곡동,서울 광진구 능동로 330 (중곡동),보도,미견인
2023-01-13 15:43,32000,중곡동,서울 광진구 면목로 136 (중곡동),보도,미견인
2023-01-13 15:44,40000,중곡동,서울 광진구 면목로 136 (중곡동),보도,미견인
2023-01-13 15:45,40000,중곡동,서울 광진구 면목로 136 (중곡동),보도,미견인
2023-01-13 15:52,40000,중곡동,서울 광진구 면목로 146 (중곡동),보도,미견인
2023-01-13 15:53,40000,구의동,서울 광진구 구의강변로 47 (구의동),보도,미견인
2023-01-13 16:02,40000,중곡동,서울 광진구 면목로 154 (중곡동),보도,미견인
2023-01-13 19:10,40000,중곡동,서울 광진구 용마산로 36 (중곡동),보도,미견인
2023-01-13 19:27,32000,자양동,"서울 광진구 능동로 69 (자양동, 자양 호반써밋)",보도,미견인
2023-01-13 19:55,32000,중곡동,서울 광진구 긴고랑로 76-1 (중곡동),버스정류소,미견인
2023-01-13 20:01,32000,구의동,서울 광진구 광나루로 513 (구의동),보도,미견인
2023-01-13 20:02,32000,중곡동,서울 광진구 영화사로 41 (중곡동),보도,미견인
2023-01-13 20:03,40000,구의동,서울 광진구 광나루로 513 (구의동),보도,미견인
2023-01-13 20:05,32000,구의동,서울 광진구 광나루로 520 (구의동),횡단보도,미견인
2023-01-13 20:10,32000,구의동,서울 광진구 광나루로 540 (구의동),횡단보도,미견인
2023-01-13 20:24,40000,화양동,서울 광진구 능동로 183 (화양동),보도,미견인
2023-01-13 20:50,32000,자양동,서울 광진구 뚝섬로 520-4 (자양동),안전지대,미견인
2023-01-13 20:53,40000,자양동,서울 광진구 뚝섬로 513 (자양동),보도,미견인
2023-01-13 21:22,32000,중곡동,서울 광진구 천호대로 653 (중곡동),보도,미견인
2023-01-13 21:27,40000,중곡동,서울 광진구 천호대로 651 (중곡동),보도,미견인
2023-01-13 21:31,32000,중곡동,서울 광진구 천호대로 647-2 (중곡동),보도,미견인
2023-01-13 21:33,32000,자양동,서울 광진구 자양번영로 20 (자양동),교차로,미견인
2023-01-13 21:38,32000,중곡동,서울 광진구 용마산로 36 (중곡동),보도,미견인
2023-01-13 22:08,40000,중곡동,"서울 광진구 긴고랑로 43 (중곡동, 넥스트 플래닛)",버스정류소,미견인
2023-01-13 22:11,32000,중곡동,서울 광진구 긴고랑로 39-2 (중곡동),횡단보도,미견인
2023-01-13 22:18,32000,중곡동,서울 광진구 긴고랑로 18-1 (중곡동),보도,미견인
2023-01-13 22:23,50000,중곡동,서울 광진구 긴고랑로 28 (중곡동),보도,미견인
2023-01-13 23:57,32000,군자동,서울 광진구 군자동 498,보도,미견인
2023-01-13 23:58,32000,군자동,서울 광진구 군자동 498,보도,미견인
2023-01-14 1:01,40000,자양동,"서울 광진구 뚝섬로52길 71 (자양동, 경남아파트)",교차로,미견인
2023-01-14 1:04,32000,자양동,"서울 광진구 뚝섬로52길 71 (자양동, 경남아파트)",교차로,미견인
2023-01-14 7:16,40000,중곡동,서울 광진구 능동로 324 (중곡동),보도,미견인
2023-01-14 7:19,32000,중곡동,서울 광진구 능동로 323 (중곡동),보도,미견인
2023-01-14 10:54,32000,구의동,서울 광진구 광나루로 516 (구의동),횡단보도,미견인
2023-01-14 11:27,32000,자양동,서울 광진구 뚝섬로 513 (자양동),보도,미견인
2023-01-14 11:37,32000,중곡동,서울 광진구 천호대로 653 (중곡동),보도,미견인
2023-01-14 11:39,32000,중곡동,서울 광진구 천호대로 655 (중곡동),보도,미견인
2023-01-14 12:13,32000,중곡동,서울 광진구 용마산로 9 (중곡동),보도,미견인
2023-01-14 12:16,40000,중곡동,서울 광진구 용마산로 5 (중곡동),보도,미견인
2023-01-14 12:21,32000,능동,서울 광진구 천호대로 642-1 (능동),보도,미견인
2023-01-14 12:28,32000,중곡동,서울 광진구 천호대로 655 (중곡동),보도,미견인
2023-01-14 12:36,32000,능동,서울 광진구 천호대로 618 (능동),보도,미견인
2023-01-14 12:40,40000,능동,서울 광진구 천호대로 612 (능동),보도,미견인
2023-01-14 12:48,32000,능동,서울 광진구 천호대로 584 (능동),보도,미견인
2023-01-14 15:32,32000,자양동,서울 광진구 뚝섬로31길 5 (자양동),보도,미견인
2023-01-14 18:27,32000,중곡동,서울 광진구 천호대로 585 (중곡동),횡단보도,미견인
2023-01-14 20:52,40000,중곡동,서울 광진구 용마산로 84 (중곡동),버스정류소,미견인
2023-01-14 23:48,40000,중곡동,서울 광진구 면목로 105 (중곡동),보도,미견인
2023-01-15 15:10,32000,중곡동,"서울 광진구 긴고랑로 43 (중곡동, 넥스트 플래닛)",버스정류소,미견인
2023-01-15 15:14,32000,중곡동,서울 광진구 긴고랑로 39-2 (중곡동),보도,미견인
2023-01-15 15:17,40000,중곡동,서울 광진구 면목로 111 (중곡동),보도,미견인
2023-01-15 15:24,32000,중곡동,서울 광진구 면목로 96 (중곡동),보도,미견인
2023-01-15 15:36,40000,중곡동,서울 광진구 면목로 113 (중곡동),보도,미견인
2023-01-15 15:42,32000,중곡동,서울 광진구 긴고랑로 39-2 (중곡동),횡단보도,미견인
2023-01-15 15:44,40000,중곡동,서울 광진구 긴고랑로 41 (중곡동),보도,미견인
2023-01-15 15:46,32000,중곡동,"서울 광진구 긴고랑로 43 (중곡동, 넥스트 플래닛)",버스정류소,미견인
2023-01-15 15:54,32000,중곡동,서울 광진구 능동로 393 (중곡동),버스정류소,미견인
2023-01-15 15:58,40000,중곡동,서울 광진구 능동로 399 (중곡동),보도,미견인
2023-01-15 18:57,32000,구의동,서울 광진구 구의로 18 (구의동),보도,미견인
2023-01-15 20:42,32000,중곡동,서울 광진구 면목로 105 (중곡동),보도,미견인
2023-01-16 8:36,32000,중곡동,서울 광진구 중곡동 264-1,보도,미견인
2023-01-16 8:59,32000,자양동,서울 광진구 자양동 23-9,교통소통장애,미견인
2023-01-16 9:06,40000,화양동,서울 광진구 화양동 50-4,도로 모퉁이,미견인
2023-01-16 9:06,32000,중곡동,서울 광진구 중곡동 438-3,도로 모퉁이,미견인
2023-01-16 9:20,40000,화양동,서울 광진구 화양동 114-5,도로 모퉁이,미견인
2023-01-16 9:24,32000,화양동,서울 광진구 화양동 110-32,교통소통장애,미견인
2023-01-16 9:29,32000,구의동,서울특별시 광진구 강변역로 2,안전지대,미견인
2023-01-16 9:31,32000,화양동,서울 광진구 화양동 18-12,교통소통장애,미견인
2023-01-16 9:52,32000,자양동,서울특별시 광진구 아차산로 345,횡단보도,미견인
2023-01-16 10:14,32000,능동,서울 광진구 능동 270-9,주정차금지(황색실선)구역,미견인
2023-01-16 10:15,32000,능동,서울 광진구 능동 270-9,주차구획선외 주차,미견인
2023-01-16 10:55,40000,자양동,서울특별시 광진구 자양로 38,교통소통장애,미견인
2023-01-16 11:41,32000,중곡동,서울 광진구 능동로 378 (중곡동),보도,미견인
2023-01-16 13:33,40000,능동,서울 광진구 천호대로 570 (능동),보도,미견인
2023-01-16 13:38,32000,능동,서울 광진구 천호대로 592 (능동),보도,미견인
2023-01-16 13:41,32000,능동,서울 광진구 천호대로 612 (능동),보도,미견인
2023-01-16 13:44,40000,능동,서울 광진구 천호대로 608 (능동),보도,미견인
2023-01-16 13:47,40000,중곡동,서울 광진구 면목로 156 (중곡동),보도,미견인
2023-01-16 13:47,40000,능동,서울 광진구 천호대로 612 (능동),보도,미견인
2023-01-16 13:49,32000,중곡동,서울 광진구 면목로 154 (중곡동),보도,미견인
2023-01-16 13:50,32000,능동,서울 광진구 천호대로 612 (능동),보도,미견인
2023-01-16 14:00,32000,능동,서울 광진구 천호대로 642 (능동),보도,미견인
2023-01-16 14:15,32000,중곡동,서울 광진구 용마산로 5 (중곡동),보도,미견인
2023-01-16 14:18,32000,중곡동,서울 광진구 용마산로 5 (중곡동),보도,미견인
2023-01-16 14:21,32000,중곡동,서울 광진구 천호대로 635 (중곡동),보도,미견인
2023-01-16 16:56,32000,구의동,서울특별시 광진구 아차산로57길 4,교통소통장애,미견인
2023-01-16 17:04,32000,구의동,서울 광진구 구의동 235-19,보도,미견인
2023-01-16 17:04,50000,구의동,서울 광진구 구의동 235-19,보도,미견인
2023-01-16 17:12,32000,군자동,서울 광진구 능동로 267 (군자동),보도,미견인
2023-01-16 17:16,32000,능동,서울 광진구 능동로 266 (능동),보도,미견인
2023-01-16 19:56,32000,중곡동,서울 광진구 동일로72길 53 (중곡동),보도,미견인
2023-01-16 20:13,40000,구의동,서울 광진구 구의동 56-24,교통소통장애,미견인
2023-01-16 20:14,40000,구의동,서울 광진구 구의동 89,교통소통장애,미견인
2023-01-16 20:39,40000,구의동,서울 광진구 구의동 254-64,교통소통장애,미견인
2023-01-16 20:40,32000,구의동,서울 광진구 구의동 254-56,교통소통장애,미견인
2023-01-16 21:51,32000,중곡동,서울 광진구 동일로72길 51 (중곡동),보도,미견인
2023-01-17 14:15,32000,중곡동,서울 광진구 능동로 341 (중곡동),보도,미견인
2023-01-17 14:24,40000,중곡동,서울 광진구 천호대로 571 (중곡동),보도,미견인
2023-01-17 14:30,32000,중곡동,서울 광진구 천호대로 597 (중곡동),보도,미견인
2023-01-17 14:32,32000,중곡동,서울 광진구 천호대로 601 (중곡동),보도,미견인
2023-01-17 14:40,32000,능동,서울 광진구 천호대로 644 (능동),보도,미견인
2023-01-17 14:41,40000,능동,서울 광진구 천호대로 644 (능동),보도,미견인
2023-01-17 14:46,32000,능동,서울 광진구 천호대로 646 (능동),보도,미견인
2023-01-17 14:50,32000,능동,서울 광진구 천호대로 632 (능동),보도,미견인
2023-01-17 15:03,32000,능동,서울 광진구 천호대로 592 (능동),보도,미견인
2023-01-17 15:12,40000,능동,서울 광진구 천호대로 592 (능동),보도,미견인
2023-01-17 20:07,32000,자양동,서울 광진구 능동로 33-16 (자양동),안전지대,미견인
2023-01-17 23:19,32000,구의동,서울 광진구 강변역로4길 10 (구의동),안전지대,미견인
2023-01-18 8:30,32000,구의동,서울 광진구 구의동 600,교통소통장애,미견인
2023-01-18 8:31,32000,구의동,서울 광진구 구의동 600,교통소통장애,미견인
2023-01-18 8:32,32000,구의동,서울 광진구 구의동 600,교통소통장애,미견인
2023-01-18 8:32,32000,구의동,서울 광진구 구의동 600,교통소통장애,미견인
2023-01-18 9:36,40000,자양동,서울 광진구 자양동 722,보도,미견인
2023-01-18 9:42,32000,자양동,서울특별시 광진구 뚝섬로56가길 10,교통소통장애,미견인
2023-01-18 9:44,32000,자양동,서울 광진구 자양동 758,도로 모퉁이,미견인
2023-01-18 9:46,40000,중곡동,서울 광진구 중곡동 280-2,도로 모퉁이,미견인
2023-01-18 10:00,32000,광장동,서울 광진구 광장로 75-1 (광장동),보도,미견인
2023-01-18 11:26,40000,자양동,서울 광진구 자양동 738,교통소통장애,미견인
2023-01-18 13:20,40000,중곡동,서울 광진구 면목로 156 (중곡동),보도,미견인
2023-01-18 13:24,32000,군자동,서울 광진구 군자동 47-2,보도,미견인
2023-01-18 13:29,40000,자양동,서울 광진구 자양동 544-22,도로 모퉁이,미견인
2023-01-18 15:09,32000,중곡동,서울 광진구 천호대로 597 (중곡동),보도,미견인
2023-01-18 15:20,32000,능동,서울 광진구 천호대로 644 (능동),보도,미견인
2023-01-18 15:24,40000,능동,서울 광진구 천호대로 642-1 (능동),보도,미견인
2023-01-18 15:29,40000,능동,서울 광진구 천호대로 618 (능동),보도,미견인
2023-01-18 15:32,40000,능동,서울 광진구 천호대로 612 (능동),보도,미견인
2023-01-18 15:39,40000,중곡동,서울 광진구 천호대로 573 (중곡동),보도,미견인
2023-01-18 15:45,32000,능동,서울 광진구 천호대로 592 (능동),보도,미견인
2023-01-18 16:27,32000,중곡동,서울 광진구 영화사로 18 (중곡동),버스정류소,미견인
2023-01-18 16:30,40000,중곡동,서울 광진구 영화사로 17 (중곡동),버스정류소,미견인
2023-01-18 16:51,32000,능동,서울 광진구 천호대로 644 (능동),보도,미견인
2023-01-18 17:34,32000,자양동,서울 광진구 아차산로 288 (자양동),보도,미견인
2023-01-18 20:43,40000,구의동,서울특별시 광진구 아차산로 479,교통소통장애,미견인
2023-01-18 22:49,32000,중곡동,서울 광진구 영화사로 59-1 (중곡동),버스정류소,미견인
2023-01-19 12:27,32000,광장동,서울 광진구 광장로 80 (광장동),보도,미견인
2023-01-19 16:43,32000,자양동,서울 광진구 아차산로 353 (자양동),보도,미견인
2023-01-19 17:35,32000,중곡동,서울 광진구 용마산로 34 (중곡동),보도,미견인
2023-01-19 18:03,32000,중곡동,서울 광진구 영화사로 17 (중곡동),버스정류소,미견인
2023-01-19 18:15,32000,중곡동,서울 광진구 용마산로 82 (중곡동),보도,미견인
2023-01-19 18:21,32000,중곡동,서울 광진구 용마산로 96 (중곡동),보도,미견인
2023-01-19 18:36,32000,중곡동,"서울 광진구 긴고랑로20길 3 (중곡동, 더 클래식)",버스정류소,미견인
2023-01-19 18:42,32000,중곡동,서울 광진구 능동로 366 (중곡동),보도,미견인
2023-01-19 18:50,32000,중곡동,서울 광진구 능동로 326 (중곡동),보도,미견인
2023-01-19 18:54,32000,중곡동,서울 광진구 능동로 327-1 (중곡동),보도,미견인
2023-01-19 19:10,32000,중곡동,"서울 광진구 긴고랑로 43 (중곡동, 넥스트 플래닛)",버스정류소,미견인
2023-01-19 19:14,32000,중곡동,"서울 광진구 긴고랑로 43 (중곡동, 넥스트 플래닛)",버스정류소,미견인
2023-01-19 20:01,32000,중곡동,"서울 광진구 긴고랑로 43 (중곡동, 넥스트 플래닛)",보도,미견인
2023-01-20 8:32,40000,구의동,서울특별시 광진구 강변역로 2,교통소통장애,미견인
2023-01-20 8:39,32000,중곡동,서울 광진구 중곡동 265-17,보도,미견인
2023-01-20 8:40,32000,중곡동,서울 광진구 중곡동 265-17,보도,미견인
2023-01-20 8:46,32000,자양동,서울 광진구 자양동 749,교통소통장애,미견인
2023-01-20 8:47,32000,자양동,서울 광진구 자양동 749,교통소통장애,미견인
2023-01-20 8:47,32000,자양동,서울 광진구 자양동 749,교통소통장애,미견인
2023-01-20 8:48,32000,자양동,서울 광진구 자양동 749,교통소통장애,미견인
2023-01-20 9:17,32000,중곡동,서울특별시 광진구 천호대로 571,보도,미견인
2023-01-20 9:25,40000,중곡동,서울특별시 광진구 동일로76길 59,교통소통장애,미견인
2023-01-20 10:06,32000,자양동,서울 광진구 자양동 510-9,교통소통장애,미견인
2023-01-20 10:24,32000,자양동,서울 광진구 자양로 95 (자양동),소화전,미견인
2023-01-20 10:30,32000,구의동,서울 광진구 아차산로 438 (구의동),보도,미견인
2023-01-20 10:41,32000,자양동,서울 광진구 자양동 732-4,교통소통장애,미견인
2023-01-20 10:42,32000,자양동,서울 광진구 자양동 732-4,교통소통장애,미견인
2023-01-20 10:46,32000,자양동,서울 광진구 자양동 733-1,교통소통장애,미견인
2023-01-20 10:47,32000,자양동,서울 광진구 자양동 733-1,도로 모퉁이,미견인
2023-01-20 12:24,40000,광장동,서울 광진구 구천면로 13 (광장동),보도,미견인
2023-01-20 12:26,32000,광장동,서울 광진구 광장로 80 (광장동),보도,미견인
2023-01-20 12:28,40000,광장동,서울 광진구 광장로 80 (광장동),보도,미견인
2023-01-20 13:30,32000,군자동,서울특별시 광진구 능동로23길 9,도로 모퉁이,미견인
2023-01-20 13:32,32000,군자동,서울 광진구 군자동 224,교통소통장애,미견인
2023-01-20 13:32,32000,군자동,서울 광진구 군자동 224,도로 모퉁이,미견인
2023-01-20 14:23,32000,중곡동,서울 광진구 중곡동 276-11,도로 모퉁이,미견인
2023-01-20 14:48,32000,중곡동,서울 광진구 긴고랑로 47 (중곡동),보도,미견인
2023-01-20 16:14,32000,구의동,서울특별시 광진구 뚝섬로 741,교통소통장애,미견인
2023-01-20 17:06,32000,중곡동,서울 광진구 능동로 324 (중곡동),보도,미견인
2023-01-20 17:09,32000,중곡동,서울 광진구 능동로 324-1 (중곡동),보도,미견인
2023-01-20 17:31,32000,자양동,서울 광진구 뚝섬로30길 2 (자양동),횡단보도,미견인
2023-01-20 18:19,32000,자양동,서울 광진구 뚝섬로 515 (자양동),보도,미견인
2023-01-20 18:32,32000,중곡동,서울 광진구 용마산로 40 (중곡동),보도,미견인
2023-01-20 19:51,32000,구의동,서울 광진구 구의동 218-25,소화전,미견인
2023-01-20 20:35,32000,중곡동,서울 광진구 능동로 324-1 (중곡동),보도,미견인
2023-01-20 20:45,32000,구의동,서울 광진구 구의동 27-25,소화전,미견인
2023-01-20 20:46,40000,구의동,서울 광진구 구의동 27-25,소화전,미견인
2023-01-20 20:47,32000,중곡동,서울 광진구 긴고랑로 71 (중곡동),버스정류소,미견인
2023-01-20 20:59,32000,중곡동,서울 광진구 능동로 382 (중곡동),보도,미견인
2023-01-20 21:02,32000,중곡동,"서울 광진구 능동로 383 (중곡동, 리더스빌)",보도,미견인
2023-01-20 21:07,40000,중곡동,"서울 광진구 긴고랑로 43 (중곡동, 넥스트 플래닛)",버스정류소,미견인
2023-01-20 21:10,32000,중곡동,서울특별시 광진구 긴고랑로 35,보도,미견인
2023-01-20 21:17,40000,중곡동,서울 광진구 긴고랑로 24 (중곡동),보도,미견인
2023-01-20 21:18,50000,중곡동,서울 광진구 동일로72길 53 (중곡동),보도,미견인
2023-01-20 21:31,32000,자양동,서울 광진구 뚝섬로31길 5 (자양동),보도,미견인
2023-01-20 21:34,40000,자양동,서울 광진구 뚝섬로 513 (자양동),보도,미견인
2023-01-21 11:18,40000,광장동,서울 광진구 광나루로 619 (광장동),보도,미견인
2023-01-21 12:59,32000,중곡동,서울 광진구 용마산로 118 (중곡동),보도,미견인
2023-01-21 14:00,32000,군자동,서울 광진구 군자로 186 (군자동),보도,미견인
2023-01-21 14:02,32000,군자동,서울 광진구 천호대로 546 (군자동),보도,미견인
2023-01-21 14:32,32000,군자동,서울 광진구 면목로 9 (군자동),횡단보도,미견인
2023-01-21 15:11,40000,자양동,서울 광진구 아차산로 188 (자양동),보도,미견인
2023-01-21 18:33,32000,중곡동,서울 광진구 능동로 373 (중곡동),보도,미견인
2023-01-21 18:38,32000,중곡동,"서울 광진구 긴고랑로 43 (중곡동, 넥스트 플래닛)",버스정류소,미견인
2023-01-21 18:42,32000,중곡동,"서울 광진구 긴고랑로 43 (중곡동, 넥스트 플래닛)",버스정류소,미견인
2023-01-21 18:45,40000,중곡동,서울 광진구 긴고랑로 39-2 (중곡동),보도,미견인
2023-01-21 18:48,32000,중곡동,"서울 광진구 긴고랑로 43 (중곡동, 넥스트 플래닛)",버스정류소,미견인
2023-01-21 18:55,32000,중곡동,"서울 광진구 긴고랑로 43 (중곡동, 넥스트 플래닛)",버스정류소,미견인
2023-01-21 19:02,32000,중곡동,서울 광진구 긴고랑로 40 (중곡동),보도,미견인
2023-01-21 19:08,32000,중곡동,서울 광진구 긴고랑로 40 (중곡동),횡단보도,미견인
2023-01-21 19:14,40000,중곡동,서울 광진구 면목로 120 (중곡동),보도,미견인
2023-01-21 19:25,40000,중곡동,서울 광진구 면목로 98 (중곡동),보도,미견인
2023-01-22 8:31,32000,중곡동,서울 광진구 영화사로 62-1 (중곡동),버스정류소,미견인
2023-01-22 9:51,32000,군자동,서울 광진구 군자로 103 (군자동),보도,미견인
2023-01-22 9:53,40000,군자동,서울 광진구 군자로 104-1 (군자동),보도,미견인
2023-01-22 9:55,32000,군자동,서울 광진구 군자로 107-1 (군자동),보도,미견인
2023-01-22 9:57,32000,군자동,서울 광진구 군자로 109 (군자동),보도,미견인
2023-01-22 10:00,32000,군자동,서울 광진구 군자로 111 (군자동),횡단보도,미견인
2023-01-22 10:02,32000,군자동,서울 광진구 군자로 111 (군자동),보도,미견인
2023-01-22 14:36,32000,중곡동,서울 광진구 용마산로 45 (중곡동),보도,미견인
2023-01-22 14:54,32000,자양동,서울 광진구 뚝섬로 631 (자양동),횡단보도,미견인
2023-01-22 15:58,40000,자양동,서울 광진구 뚝섬로 513 (자양동),보도,미견인
2023-01-22 18:09,32000,능동,서울 광진구 천호대로118길 27 (능동),교차로,미견인
2023-01-22 18:20,32000,중곡동,서울 광진구 능동로 333-1 (중곡동),보도,미견인
2023-01-22 18:27,32000,중곡동,"서울 광진구 긴고랑로20길 3 (중곡동, 더 클래식)",버스정류소,미견인
2023-01-22 18:41,32000,중곡동,"서울 광진구 긴고랑로 43 (중곡동, 넥스트 플래닛)",버스정류소,미견인
2023-01-22 18:44,32000,자양동,서울 광진구 뚝섬로 515 (자양동),보도,미견인
2023-01-22 18:45,32000,자양동,서울 광진구 뚝섬로 515 (자양동),보도,미견인
2023-01-22 18:47,32000,중곡동,서울 광진구 긴고랑로 39 (중곡동),보도,미견인
2023-01-22 18:50,32000,중곡동,"서울 광진구 긴고랑로 43 (중곡동, 넥스트 플래닛)",버스정류소,미견인
2023-01-22 19:04,40000,중곡동,서울 광진구 면목로 113-1 (중곡동),보도,미견인
2023-01-22 19:10,32000,중곡동,서울 광진구 면목로 109-1 (중곡동),보도,미견인
2023-01-22 19:15,40000,중곡동,서울 광진구 긴고랑로 15 (중곡동),버스정류소,미견인
2023-01-22 19:19,40000,중곡동,서울 광진구 긴고랑로 16 (중곡동),버스정류소,미견인
2023-01-22 19:24,32000,중곡동,서울 광진구 긴고랑로 20 (중곡동),보도,미견인
2023-01-22 19:34,40000,중곡동,"서울 광진구 긴고랑로 43 (중곡동, 넥스트 플래닛)",버스정류소,미견인
2023-01-23 14:26,32000,중곡동,서울 광진구 긴고랑로 31 (중곡동),보도,미견인
2023-01-23 14:36,32000,중곡동,서울 광진구 중곡동 277-1,버스정류소,미견인
2023-01-23 17:04,32000,중곡동,서울 광진구 영화사로 37-1 (중곡동),버스정류소,미견인
2023-01-23 17:11,32000,중곡동,서울 광진구 영화사로 29-1 (중곡동),버스정류소,미견인
2023-01-23 17:14,40000,중곡동,서울 광진구 영화사로 24 (중곡동),보도,미견인
2023-01-23 17:17,32000,구의동,서울 광진구 뚝섬로 742 (구의동),횡단보도,미견인
2023-01-23 17:18,32000,중곡동,서울 광진구 영화사로 11-1 (중곡동),보도,미견인
2023-01-23 17:25,32000,구의동,서울 광진구 구의강변로 22 (구의동),보도,미견인
2023-01-23 17:27,32000,중곡동,서울 광진구 용마산로 34 (중곡동),보도,미견인
2023-01-23 18:18,32000,중곡동,서울 광진구 면목로 96 (중곡동),보도,미견인
2023-01-23 18:23,32000,중곡동,서울 광진구 면목로 94 (중곡동),보도,미견인
2023-01-23 18:26,32000,중곡동,서울 광진구 면목로 92 (중곡동),보도,미견인
2023-01-23 20:03,40000,자양동,서울 광진구 뚝섬로 513 (자양동),보도,미견인
2023-01-24 12:18,40000,군자동,서울 광진구 능동로 243-1 (군자동),보도,미견인
2023-01-24 13:01,40000,자양동,서울 광진구 아차산로36길 5 (자양동),교차로,미견인
2023-01-24 13:10,32000,구의동,서울 광진구 자양로 173 (구의동),보도,미견인
2023-01-24 14:32,32000,중곡동,서울 광진구 용마산로 46 (중곡동),보도,미견인
2023-01-24 14:49,32000,중곡동,서울 광진구 용마산로 82 (중곡동),보도,미견인
2023-01-24 14:52,40000,중곡동,서울 광진구 용마산로 82 (중곡동),보도,미견인
2023-01-24 15:08,40000,중곡동,서울 광진구 면목로 97 (중곡동),보도,미견인
2023-01-24 15:11,40000,중곡동,서울 광진구 면목로 96 (중곡동),보도,미견인
2023-01-24 15:15,40000,중곡동,서울 광진구 면목로 86 (중곡동),보도,미견인
2023-01-24 15:18,40000,중곡동,서울 광진구 면목로 87 (중곡동),보도,미견인
2023-01-24 15:23,40000,자양동,서울 광진구 뚝섬로 515 (자양동),보도,미견인
2023-01-24 15:25,32000,자양동,서울 광진구 뚝섬로31길 5 (자양동),보도,미견인
2023-01-24 15:29,40000,자양동,서울 광진구 뚝섬로31길 5 (자양동),보도,미견인
2023-01-24 15:32,40000,자양동,서울 광진구 뚝섬로 513 (자양동),보도,미견인
2023-01-24 15:45,32000,중곡동,서울 광진구 용마산로 118 (중곡동),보도,미견인
2023-01-24 18:41,8000,중곡동,서울 광진구 용마산로 46 (중곡동),보도,미견인
2023-01-24 19:16,32000,중곡동,"서울 광진구 긴고랑로 43 (중곡동, 넥스트 플래닛)",버스정류소,미견인
2023-01-24 19:21,32000,중곡동,서울 광진구 면목로 113-1 (중곡동),보도,미견인
2023-01-24 21:37,32000,광장동,서울 광진구 광장로 76 (광장동),횡단보도,미견인
2023-01-25 10:55,32000,화양동,서울 광진구 아차산로 205 (화양동),보도,미견인
2023-01-25 16:40,32000,중곡동,서울 광진구 용마산로 5 (중곡동),보도,미견인
2023-01-25 16:45,40000,중곡동,서울 광진구 용마산로 5 (중곡동),보도,미견인
2023-01-25 16:53,32000,능동,서울 광진구 천호대로 632 (능동),보도,미견인
2023-01-25 16:58,32000,능동,서울 광진구 천호대로 606 (능동),보도,미견인
2023-01-25 17:05,32000,중곡동,서울 광진구 천호대로 601 (중곡동),보도,미견인
2023-01-25 17:08,32000,중곡동,서울 광진구 천호대로 607 (중곡동),보도,미견인
2023-01-25 17:11,32000,중곡동,서울 광진구 천호대로 597 (중곡동),보도,미견인
2023-01-25 17:13,32000,중곡동,서울 광진구 천호대로 597 (중곡동),보도,미견인
2023-01-25 17:52,32000,중곡동,"서울 광진구 긴고랑로 43 (중곡동, 넥스트 플래닛)",버스정류소,미견인
2023-01-25 18:01,32000,중곡동,서울 광진구 면목로 83 (중곡동),보도,미견인
2023-01-25 18:43,40000,중곡동,서울 광진구 천호대로 537 (중곡동),보도,미견인
2023-01-26 13:19,32000,구의동,서울 광진구 구의동 214-14,교통소통장애,미견인
2023-01-26 13:20,32000,구의동,서울 광진구 구의동 214-14,교통소통장애,미견인
2023-01-26 13:23,32000,구의동,서울 광진구 구의동 546-2,교통소통장애,미견인
2023-01-26 13:24,50000,구의동,서울 광진구 구의동 546-2,교통소통장애,미견인
2023-01-26 13:25,32000,구의동,서울 광진구 구의동 546-2,교통소통장애,미견인
2023-01-26 16:31,40000,중곡동,서울 광진구 긴고랑로 40 (중곡동),횡단보도,미견인
2023-01-26 16:37,40000,중곡동,서울 광진구 면목로 98 (중곡동),보도,미견인
2023-01-26 16:54,32000,중곡동,서울 광진구 긴고랑로 71 (중곡동),버스정류소,미견인
2023-01-26 16:58,40000,중곡동,서울 광진구 긴고랑로 94 (중곡동),보도,미견인
2023-01-26 17:06,32000,중곡동,서울 광진구 용마산로 82 (중곡동),보도,미견인
2023-01-26 17:15,40000,중곡동,서울 광진구 용마산로 44 (중곡동),보도,미견인
2023-01-26 17:23,40000,중곡동,서울 광진구 용마산로 9 (중곡동),보도,미견인
2023-01-26 17:30,32000,화양동,서울 광진구 동일로 122 (화양동),보도,미견인
2023-01-26 17:38,32000,중곡동,서울 광진구 천호대로 607 (중곡동),보도,미견인
2023-01-26 19:01,40000,중곡동,"서울 광진구 긴고랑로 43 (중곡동, 넥스트 플래닛)",버스정류소,미견인
2023-01-26 19:09,32000,중곡동,서울 광진구 면목로 105 (중곡동),보도,미견인
2023-01-26 19:12,40000,중곡동,서울 광진구 면목로 105 (중곡동),보도,미견인
2023-01-27 8:17,32000,광장동,서울 광진구 아차산로78길 90 (광장동),횡단보도,미견인
2023-01-27 14:37,32000,중곡동,서울 광진구 용마산로 23 (중곡동),보도,미견인
2023-01-27 14:46,32000,능동,서울 광진구 천호대로 642-1 (능동),보도,미견인
2023-01-27 14:50,40000,능동,서울 광진구 천호대로 644 (능동),보도,미견인
2023-01-27 14:51,32000,중곡동,서울 광진구 영화사로 54 (중곡동),횡단보도,미견인
2023-01-27 15:01,32000,능동,서울 광진구 천호대로 608 (능동),보도,미견인
2023-01-27 15:05,40000,능동,서울 광진구 천호대로 608 (능동),보도,미견인
2023-01-27 15:09,40000,능동,서울 광진구 천호대로 590 (능동),보도,미견인
2023-01-27 15:12,32000,능동,서울 광진구 천호대로 592 (능동),보도,미견인
2023-01-27 15:17,32000,능동,서울 광진구 천호대로 606 (능동),보도,미견인
2023-01-27 15:21,32000,능동,서울 광진구 천호대로 608 (능동),보도,미견인
2023-01-27 15:24,40000,능동,서울 광진구 천호대로 608 (능동),보도,미견인
2023-01-27 18:24,40000,중곡동,서울 광진구 용마산로 38 (중곡동),보도,미견인
2023-01-27 20:14,40000,중곡동,서울 광진구 용마산로 36 (중곡동),보도,미견인
2023-01-27 21:33,32000,중곡동,"서울 광진구 동일로72길 23-1 (중곡동, 금상빌리지)",보도,미견인
2023-01-27 22:30,32000,자양동,서울 광진구 뚝섬로 513 (자양동),보도,미견인
2023-01-27 23:06,32000,구의동,서울 광진구 자양로 278 (구의동),보도,미견인
2023-01-27 23:14,32000,구의동,서울 광진구 자양로 324 (구의동),보도,미견인
2023-01-28 15:57,40000,자양동,서울 광진구 자양번영로 23 (자양동),횡단보도,미견인
2023-01-28 16:22,40000,중곡동,"서울 광진구 동일로72길 23-1 (중곡동, 금상빌리지)",보도,미견인
2023-01-28 16:30,32000,자양동,서울 광진구 자양번영로 42 (자양동),보도,미견인
2023-01-28 16:52,32000,구의동,서울 광진구 아차산로51길 58 (구의동),소화전,미견인
2023-01-28 17:27,40000,광장동,서울 광진구 광장로 76 (광장동),횡단보도,미견인
2023-01-28 19:26,40000,자양동,서울 광진구 뚝섬로 513 (자양동),보도,미견인
2023-01-28 19:28,40000,자양동,서울 광진구 뚝섬로 515 (자양동),보도,미견인
2023-01-28 19:47,32000,중곡동,"서울 광진구 동일로72길 23-1 (중곡동, 금상빌리지)",보도,미견인
2023-01-28 19:48,32000,중곡동,서울 광진구 용마산로 34 (중곡동),보도,미견인
2023-01-28 20:06,32000,중곡동,서울 광진구 긴고랑로 72 (중곡동),버스정류소,미견인
2023-01-28 20:13,32000,중곡동,서울 광진구 긴고랑로 71 (중곡동),버스정류소,미견인
2023-01-28 20:22,32000,중곡동,서울 광진구 긴고랑로 48 (중곡동),버스정류소,미견인
2023-01-28 20:26,32000,중곡동,"서울 광진구 긴고랑로 43 (중곡동, 넥스트 플래닛)",버스정류소,미견인
2023-01-28 20:36,40000,중곡동,서울 광진구 긴고랑로 24 (중곡동),보도,미견인
2023-01-28 20:48,40000,중곡동,서울 광진구 긴고랑로 6 (중곡동),보도,미견인
2023-01-28 20:52,40000,중곡동,서울 광진구 긴고랑로 16 (중곡동),버스정류소,미견인
2023-01-29 1:09,32000,자양동,서울특별시 광진구 자양번영로 20,교차로,미견인
2023-01-29 3:17,32000,화양동,서울 광진구 화양동 110-41,교차로,미견인
2023-01-29 3:19,32000,화양동,서울 광진구 화양동 111-219,교차로,미견인
2023-01-29 9:57,32000,구의동,서울 광진구 구의동 76-9,보도,미견인
2023-01-29 10:46,32000,구의동,서울 광진구 자양로 167 (구의동),보도,미견인
2023-01-29 10:51,40000,구의동,서울 광진구 자양로 162 (구의동),교차로,미견인
2023-01-29 12:49,32000,구의동,서울 광진구 구의동 547-6,안전지대,미견인
2023-01-29 17:01,32000,중곡동,서울 광진구 능동로 415 (중곡동),버스정류소,미견인
2023-01-29 17:02,32000,중곡동,서울 광진구 중곡동 83-9,버스정류소,미견인
2023-01-29 17:06,32000,중곡동,서울 광진구 중곡동 79-9,보도,미견인
2023-01-29 17:18,32000,중곡동,서울 광진구 중곡동 150-103,보도,미견인
2023-01-29 17:21,40000,중곡동,서울 광진구 중곡동 150-66,버스정류소,미견인
2023-01-29 17:24,32000,중곡동,서울 광진구 중곡동 150-60,보도,미견인
2023-01-29 17:30,40000,중곡동,서울 광진구 중곡동 150-111,보도,미견인
2023-01-29 17:46,40000,중곡동,서울 광진구 중곡동 19-4,버스정류소,미견인
2023-01-29 17:50,40000,중곡동,서울 광진구 중곡동 277-2,횡단보도,미견인
2023-01-30 7:29,32000,광장동,서울 광진구 광장동 115,보도,미견인
2023-01-30 8:46,32000,중곡동,서울 광진구 중곡동 316-3,교통소통장애,미견인
2023-01-30 8:52,32000,구의동,서울 광진구 구의동 218-25,소화전,미견인
2023-01-30 9:03,32000,중곡동,서울 광진구 중곡동 264-3,교통소통장애,미견인
2023-01-30 9:09,32000,중곡동,서울 광진구 중곡동 275-11,교통소통장애,미견인
2023-01-30 9:10,96000,중곡동,서울 광진구 중곡동 275-11,주차금지(황색점선)구역,미견인
2023-01-30 9:35,40000,구의동,서울 광진구 구의동 201-8,보도,미견인
2023-01-30 9:54,40000,구의동,서울특별시 광진구 광나루로30나길 21,도로 모퉁이,미견인
2023-01-30 9:55,40000,구의동,서울특별시 광진구 광나루로30나길 21,교통소통장애,미견인
2023-01-30 9:56,40000,구의동,서울특별시 광진구 광나루로30나길 21,교통소통장애,미견인
2023-01-30 10:41,96000,광장동,서울특별시 광진구 아차산로70길 62,교통소통장애,미견인
2023-01-30 13:42,40000,중곡동,서울특별시 광진구 면목로11길 36,교통소통장애,미견인
2023-01-30 13:55,32000,중곡동,서울 광진구 중곡동 277-7,보도,미견인
2023-01-30 13:59,32000,중곡동,서울 광진구 중곡동 241-15,보도,미견인
2023-01-30 14:09,32000,중곡동,서울 광진구 중곡동 265-17,교통소통장애,미견인
2023-01-30 14:09,32000,중곡동,서울 광진구 중곡동 265-17,교통소통장애,미견인
2023-01-30 14:10,40000,중곡동,서울 광진구 중곡동 265-17,교통소통장애,미견인
2023-01-30 14:11,32000,중곡동,서울 광진구 중곡동 265-17,교통소통장애,미견인
2023-01-30 14:13,40000,광장동,서울 광진구 광장동 324-3,도로 모퉁이,미견인
2023-01-30 14:36,32000,중곡동,서울 광진구 중곡동 115-8,보도,미견인
2023-01-30 14:45,32000,중곡동,서울 광진구 중곡동 132-24,보도,미견인
2023-01-30 15:06,32000,능동,서울 광진구 능동 237-11,보도,미견인
2023-01-30 15:11,32000,능동,서울 광진구 능동 246-9,보도,미견인
2023-01-30 15:16,40000,능동,서울 광진구 능동 255-16,보도,미견인
2023-01-30 21:45,40000,자양동,서울 광진구 자양동 508-9,보도,미견인
2023-01-30 21:47,32000,자양동,서울 광진구 자양동 552-1,보도,미견인
2023-01-30 22:15,32000,중곡동,서울 광진구 중곡동 191-120,보도,미견인
2023-01-31 10:34,32000,자양동,서울 광진구 자양동 781-1,보도,미견인
2023-01-31 17:30,32000,중곡동,서울 광진구 중곡동 277-5,버스정류소,미견인
2023-01-31 20:37,32000,능동,서울 광진구 능동 280-1,보도,미견인
2023-01-31 20:39,32000,중곡동,서울 광진구 중곡동 440,버스정류소,미견인
2023-01-31 20:46,32000,중곡동,서울 광진구 중곡동 440,횡단보도,미견인
2023-01-31 20:51,40000,중곡동,서울 광진구 중곡동 453,버스정류소,미견인
2023-01-31 20:56,32000,중곡동,서울특별시 광진구 영화사로 11-1,보도,미견인
2023-01-31 21:08,32000,중곡동,서울 광진구 중곡동 150-101,보도,미견인
2023-01-31 21:11,32000,중곡동,서울 광진구 중곡동 150-100,버스정류소,미견인
2023-01-31 21:13,32000,중곡동,서울 광진구 중곡동 150-101,보도,미견인
2023-01-31 21:14,32000,자양동,서울 광진구 자양동 508-9,보도,미견인
2023-01-31 21:20,32000,중곡동,서울특별시 광진구 용마산로 84,보도,미견인
2023-01-31 21:31,32000,중곡동,서울 광진구 중곡동 277-1,버스정류소,미견인
2023-01-31 22:32,40000,자양동,서울 광진구 자양동 550-2,안전지대,미견인
2023-02-01 7:16,40000,화양동,서울 광진구 화양동 111-219,교차로,미견인
2023-02-01 7:29,32000,광장동,서울특별시 광진구 아차산로78길 90,보도,미견인
2023-02-01 13:45,32000,중곡동,서울 광진구 중곡동 150-101,보도,미견인
2023-02-01 13:53,32000,중곡동,서울 광진구 중곡동 150-71,보도,미견인
2023-02-01 13:55,96000,중곡동,서울 광진구 중곡동 21-10,보도,미견인
2023-02-01 14:01,32000,중곡동,서울 광진구 중곡동 150-72,보도,미견인
2023-02-01 14:15,32000,중곡동,서울특별시 광진구 용마산로 46,버스정류소,미견인
2023-02-01 14:18,40000,중곡동,서울 광진구 중곡동 80-9,보도,미견인
2023-02-01 14:28,32000,중곡동,서울특별시 광진구 천호대로 603,보도,미견인
2023-02-01 14:31,32000,중곡동,서울특별시 광진구 천호대로 601,보도,미견인
2023-02-01 14:34,32000,중곡동,서울 광진구 중곡동 132-24,보도,미견인
2023-02-01 14:40,40000,능동,서울 광진구 능동 246-8,보도,미견인
2023-02-01 14:48,40000,능동,서울특별시 광진구 천호대로 606,보도,미견인
2023-02-01 14:52,32000,능동,서울 광진구 능동 237-11,보도,미견인
2023-02-01 19:12,32000,자양동,서울특별시 광진구 자양로13가길 2,횡단보도,견인처리
2023-02-01 19:46,32000,화양동,서울 광진구 화양동 46-22,교통소통장애,미견인
2023-02-01 21:29,40000,중곡동,서울 광진구 중곡동 191-120,보도,미견인
2023-02-02 11:39,40000,중곡동,서울 광진구 중곡동 675,보도,미견인
2023-02-02 13:31,32000,중곡동,서울 광진구 중곡동 647-17,보도,미견인
2023-02-02 13:34,32000,중곡동,서울 광진구 중곡동 647-21,보도,미견인
2023-02-02 13:45,40000,중곡동,서울 광진구 중곡동 132-24,보도,미견인
2023-02-02 13:48,32000,중곡동,서울 광진구 중곡동 132-24,보도,미견인
2023-02-02 13:52,40000,능동,서울 광진구 능동 246-10,보도,미견인
2023-02-02 13:55,40000,능동,서울 광진구 능동 246-9,보도,미견인
2023-02-02 14:06,40000,능동,서울 광진구 능동 246-5,보도,미견인
2023-02-02 14:12,32000,능동,서울 광진구 능동 246-9,보도,미견인
2023-02-02 14:36,32000,자양동,서울 광진구 자양동 508-9,보도,미견인
2023-02-02 14:39,32000,중곡동,서울특별시 광진구 긴고랑로 71,버스정류소,미견인
2023-02-02 15:55,32000,광장동,서울 광진구 광장동 141-2,횡단보도,미견인
2023-02-02 23:42,32000,중곡동,서울 광진구 중곡동 191-120,보도,미견인
2023-02-03 7:27,32000,광장동,서울 광진구 광장동 141-2,보도,미견인
2023-02-03 14:41,32000,자양동,서울 광진구 자양동 710-1,보도,미견인
2023-02-03 15:22,32000,중곡동,서울 광진구 중곡동 241-15,버스정류소,미견인
2023-02-03 15:29,32000,중곡동,서울특별시 광진구 긴고랑로 21,보도,미견인
2023-02-03 15:56,40000,중곡동,서울 광진구 중곡동 131-9,보도,미견인
2023-02-03 16:11,32000,중곡동,서울 광진구 중곡동 264-1,보도,미견인
2023-02-03 16:14,32000,구의동,서울 광진구 구의동 593-14,보도,미견인
2023-02-03 17:36,40000,자양동,서울 광진구 자양동 45-5,안전지대,미견인
2023-02-03 17:37,32000,자양동,서울 광진구 자양동 553-600,안전지대,미견인
2023-02-03 18:54,32000,중곡동,서울 광진구 긴고랑로 43,버스정류소,미견인
2023-02-03 19:01,32000,중곡동,서울 광진구 중곡동 241-15,버스정류소,미견인
2023-02-03 19:11,32000,중곡동,서울특별시 광진구 긴고랑로 35,보도,미견인
2023-02-03 19:18,32000,중곡동,서울특별시 광진구 긴고랑로 16-1,보도,미견인
2023-02-03 19:43,32000,자양동,서울 광진구 자양동 749,도로 모퉁이,미견인
2023-02-03 19:43,32000,자양동,서울 광진구 자양동 749,교통소통장애,미견인
2023-02-03 19:44,96000,자양동,서울 광진구 자양동 749,교통소통장애,미견인
2023-02-03 19:45,32000,자양동,서울 광진구 자양동 749,교통소통장애,미견인
2023-02-03 20:06,40000,자양동,서울 광진구 자양동 632-29,교통소통장애,미견인
2023-02-03 21:13,32000,자양동,서울 광진구 자양동 7-7,보도,미견인
2023-02-03 23:37,32000,중곡동,서울 광진구 중곡동 150-329,교통소통장애,미견인
2023-02-04 0:27,32000,자양동,서울특별시 광진구 능동로 69 보행로,보도,미견인
2023-02-04 2:19,32000,군자동,서울 광진구 군자동 55-1,보도,미견인
2023-02-04 2:55,32000,광장동,서울특별시 광진구 아차산로70길 62,소화전,미견인
2023-02-04 2:56,40000,광장동,서울특별시 광진구 아차산로70길 62,소화전,미견인
2023-02-04 3:18,40000,자양동,서울 광진구 자양동 658-139,보도,미견인
2023-02-04 3:20,32000,자양동,서울 광진구 자양동 659-33,보도,미견인
2023-02-04 3:27,32000,군자동,서울 광진구 군자동 489,보도,미견인
2023-02-04 8:10,32000,구의동,서울 광진구 구의동 660,주차금지(황색점선)구역,미견인
2023-02-04 10:30,32000,자양동,서울 광진구 자양동 553-438,보도,미견인
2023-02-04 10:31,40000,자양동,서울특별시 광진구 뚝섬로 515,보도,미견인
2023-02-04 12:51,40000,구의동,서울 광진구 구의동 234-7,보도,미견인
2023-02-04 12:53,32000,구의동,서울 광진구 구의동 234-7,보도,미견인
2023-02-04 12:55,32000,구의동,서울 광진구 구의동 233-2,보도,미견인
2023-02-04 12:57,32000,구의동,서울 광진구 구의동 233-27,보도,미견인
2023-02-04 13:00,50000,구의동,서울 광진구 구의동 230-1,보도,미견인
2023-02-04 13:05,32000,구의동,서울 광진구 구의동 227-17,보도,미견인
2023-02-04 13:07,40000,구의동,서울 광진구 구의동 225-42,보도,미견인
2023-02-04 13:10,32000,구의동,서울특별시 광진구 구의로 42,버스정류소,미견인
2023-02-04 13:24,40000,구의동,서울특별시 광진구 구의로 16,보도,미견인
2023-02-04 13:33,80000,구의동,서울특별시 광진구 아차산로51길 58,소화전,미견인
2023-02-04 16:53,32000,광장동,서울 광진구 광장동 344-10,보도,미견인
2023-02-04 16:58,32000,광장동,서울 광진구 광장동 341-22,보도,미견인
2023-02-04 17:21,32000,군자동,서울 광진구 군자동 342-28,보도,미견인
2023-02-04 19:06,40000,중곡동,서울 광진구 중곡동 241-15,버스정류소,미견인
2023-02-04 19:12,32000,중곡동,서울 광진구 중곡동 241-15,버스정류소,미견인
2023-02-04 19:25,32000,중곡동,서울 광진구 중곡동 340-34,버스정류소,미견인
2023-02-04 19:51,40000,중곡동,서울 광진구 중곡동 245-1,보도,미견인
2023-02-04 19:55,40000,중곡동,서울 광진구 중곡동 247-7,보도,미견인
2023-02-04 20:03,32000,중곡동,서울 광진구 중곡동 239-39,보도,미견인
2023-02-04 20:09,32000,중곡동,서울 광진구 중곡동 247-5,보도,미견인
2023-02-05 12:30,32000,군자동,서울 광진구 군자동 102-11,보도,미견인
2023-02-05 13:18,40000,자양동,서울 광진구 자양동 714,횡단보도,미견인
2023-02-05 13:53,32000,중곡동,서울 광진구 중곡동 166-13,보도,미견인
2023-02-05 13:54,40000,중곡동,서울 광진구 중곡동 166-13,버스정류소,미견인
2023-02-05 16:47,32000,중곡동,서울 광진구 중곡동 277-6,버스정류소,미견인
2023-02-05 16:53,32000,중곡동,서울 광진구 긴고랑로 43,버스정류소,미견인
2023-02-05 16:59,40000,중곡동,서울 광진구 중곡동 166-44,보도,미견인
2023-02-05 17:09,32000,중곡동,서울 광진구 중곡동 273-1,버스정류소,미견인
2023-02-05 17:22,32000,중곡동,서울 광진구 중곡동 246-8,보도,미견인
2023-02-05 17:29,32000,중곡동,서울 광진구 중곡동 264-1,보도,미견인
2023-02-05 17:33,32000,중곡동,서울특별시 광진구 면목로 89,보도,미견인
2023-02-05 17:36,40000,중곡동,서울특별시 광진구 면목로 86,보도,미견인
2023-02-05 17:44,32000,중곡동,서울 광진구 중곡동 241-15,버스정류소,미견인
2023-02-05 19:51,32000,자양동,서울 광진구 자양동 553-606,보도,미견인
2023-02-05 20:13,32000,중곡동,서울 광진구 중곡동 265-5,소방차(긴급차량)통행장애,미견인
2023-02-05 20:15,40000,구의동,서울 광진구 구의동 88-1,보도,미견인
2023-02-05 22:30,32000,화양동,서울 광진구 화양동 164-9,보도,미견인
2023-02-05 23:26,32000,자양동,서울특별시 광진구 동일로12길 28,교차로,미견인
2023-02-06 7:31,32000,자양동,서울특별시 광진구 동일로12길 28,교차로,미견인
2023-02-06 7:53,40000,광장동,서울특별시 광진구 아차산로78길 90,교차로,미견인
2023-02-06 13:45,32000,자양동,서울 광진구 자양동 553-438,보도,미견인
2023-02-06 15:53,32000,능동,서울 광진구 천호대로 656-2 (능동),보도,미견인
2023-02-06 18:02,32000,중곡동,서울 광진구 중곡동 266-5,횡단보도,미견인
2023-02-06 18:23,32000,중곡동,서울 광진구 중곡동 231-38,보도,미견인
2023-02-06 18:26,32000,중곡동,서울 광진구 중곡동 230-11,보도,미견인
2023-02-06 19:12,32000,중곡동,서울 광진구 동일로72길 17,보도,미견인
2023-02-06 20:26,40000,자양동,서울 광진구 자양동 549,보도,미견인
2023-02-06 21:11,32000,구의동,서울 광진구 구의동 245-24,보도,미견인
2023-02-06 22:47,40000,중곡동,서울 광진구 중곡동 161-24,보도,미견인
2023-02-06 22:51,32000,중곡동,서울특별시 광진구 능동로 332,보도,미견인
2023-02-06 23:00,40000,중곡동,서울특별시 광진구 면목로 96,보도,미견인
2023-02-06 23:11,32000,중곡동,서울 광진구 중곡동 277-5,버스정류소,미견인
2023-02-06 23:11,32000,군자동,서울 광진구 군자동 495,보도,미견인
2023-02-07 1:57,32000,자양동,서울 광진구 자양동 659-33,보도,미견인
2023-02-07 7:04,32000,중곡동,서울 광진구 중곡동 482-1,횡단보도,미견인
2023-02-07 15:19,40000,중곡동,서울특별시 광진구 면목로 112,보도,미견인
2023-02-07 15:32,40000,자양동,서울 광진구 자양동 219-5,보도,미견인
2023-02-07 15:35,32000,중곡동,서울특별시 광진구 면목로 102,보도,미견인
2023-02-07 16:27,40000,중곡동,서울 광진구 중곡동 272-14,보도,미견인
2023-02-07 16:50,32000,광장동,서울특별시 광진구 아차산로78길 90,횡단보도,미견인
2023-02-07 17:09,32000,구의동,서울 광진구 구의동 239-30,횡단보도,미견인
2023-02-07 19:02,32000,중곡동,서울특별시 광진구 긴고랑로 6,보도,미견인
2023-02-07 19:06,32000,중곡동,서울특별시 광진구 동일로 364,보도,미견인
2023-02-07 19:14,32000,중곡동,서울 광진구 중곡동 239-18,보도,미견인
2023-02-07 19:28,32000,중곡동,서울 광진구 중곡동 277-2,횡단보도,미견인
2023-02-07 19:55,32000,중곡동,서울 광진구 중곡동 242-3,버스정류소,미견인
2023-02-07 20:03,40000,중곡동,서울 광진구 중곡동 230-10,보도,미견인
2023-02-07 20:12,32000,중곡동,서울 광진구 중곡동 230-11,보도,미견인
2023-02-07 21:20,40000,자양동,서울특별시 광진구 아차산로 214,보도,미견인
2023-02-07 21:44,32000,중곡동,서울 광진구 중곡동 265-5,소방차(긴급차량)통행장애,미견인
2023-02-07 21:55,40000,자양동,서울특별시 광진구 동일로12길 28,교차로,미견인
2023-02-08 0:52,32000,화양동,서울특별시 광진구 군자로 36-8,교차로,미견인
2023-02-08 6:27,32000,중곡동,서울 광진구 중곡동 647-23,보도,미견인
2023-02-08 11:02,32000,화양동,서울 광진구 능동로 137-2 (화양동),보도,미견인
2023-02-08 11:02,40000,화양동,서울 광진구 아차산로21길 62 (화양동),보도,미견인
2023-02-08 11:02,32000,화양동,서울 광진구 아차산로21길 62 (화양동),보도,미견인
2023-02-08 11:02,40000,화양동,서울 광진구 능동로 137-2 (화양동),보도,미견인
2023-02-08 11:40,32000,광장동,서울 광진구 광장동 231-1,보도,미견인
2023-02-08 15:01,40000,중곡동,서울 광진구 중곡동 167-4,보도,미견인
2023-02-08 17:04,32000,중곡동,서울 광진구 중곡동 132-24,보도,미견인
2023-02-08 20:55,32000,자양동,서울 광진구 자양동 552-1,보도,미견인
2023-02-08 22:42,40000,자양동,서울 광진구 자양동 794-10,보도,미견인
2023-02-09 7:31,32000,구의동,서울 광진구 자양로 106,보도,미견인
2023-02-09 11:36,32000,중곡동,서울 광진구 중곡동 272-13,보도,미견인
2023-02-09 11:44,32000,능동,서울 광진구 능동 256-16,보도,미견인
2023-02-09 11:49,32000,중곡동,서울 광진구 중곡동 116-6,보도,미견인
2023-02-09 12:16,32000,중곡동,서울 광진구 중곡동 675,보도,미견인
2023-02-09 16:41,32000,구의동,서울 광진구 광나루로46길 3 (구의동),보도,미견인
2023-02-09 16:53,32000,자양동,서울 광진구 자양동 712,버스정류소,미견인
2023-02-09 23:16,32000,자양동,서울특별시 광진구 동일로2길 2,안전지대,미견인
2023-02-09 23:38,32000,중곡동,서울 광진구 중곡동 150-329,교통소통장애,미견인
2023-02-10 2:09,32000,자양동,서울 광진구 자양동 682-29 주차장막음,주정차금지(황색실선)구역,미견인
2023-02-10 2:48,32000,화양동,서울특별시 광진구 아차산로25길 60,교통소통장애,미견인
2023-02-10 7:23,32000,광장동,서울 광진구 광장동 141-2,보도,미견인
2023-02-10 13:33,32000,자양동,서울 광진구 자양동 735,횡단보도,미견인
2023-02-10 16:54,32000,중곡동,서울 광진구 중곡동 272-12,보도,미견인
2023-02-10 17:02,32000,능동,서울 광진구 능동 246-10,보도,미견인
2023-02-10 17:07,32000,중곡동,서울특별시 광진구 천호대로 635,보도,미견인
2023-02-10 17:15,32000,중곡동,서울특별시 광진구 천호대로 647,보도,미견인
2023-02-10 17:45,32000,중곡동,서울 광진구 중곡동 80-13,보도,미견인
2023-02-10 18:43,32000,중곡동,서울 광진구 중곡동 263-1,보도,미견인
2023-02-10 19:16,32000,중곡동,서울 광진구 중곡동 277-7,보도,미견인
2023-02-10 19:25,32000,중곡동,서울 광진구 중곡동 277-6,횡단보도,미견인
2023-02-10 19:31,32000,중곡동,서울 광진구 중곡동 246-8,보도,미견인
2023-02-10 19:45,32000,중곡동,서울 광진구 중곡동 246-4,보도,미견인
2023-02-10 19:54,32000,군자동,서울 광진구 군자동 47-2,보도,미견인
2023-02-10 20:01,32000,중곡동,서울 광진구 중곡동 230-10,보도,미견인
2023-02-11 6:13,32000,중곡동,서울 광진구 중곡동 647-17,보도,미견인
2023-02-11 9:48,32000,자양동,서울 광진구 자양동 227-19,보도,미견인
2023-02-11 10:39,40000,구의동,서울 광진구 구의동 245-24,보도,미견인
2023-02-11 13:15,40000,중곡동,서울 광진구 중곡동 675,보도,미견인
2023-02-11 15:58,32000,중곡동,서울 광진구 중곡동 676,보도,미견인
2023-02-11 16:02,32000,중곡동,서울 광진구 중곡동 647-24,보도,미견인
2023-02-11 16:07,40000,중곡동,서울특별시 광진구 능동로 332,보도,미견인
2023-02-11 16:20,40000,중곡동,서울 광진구 중곡동 119-12,보도,미견인
2023-02-11 16:28,32000,능동,서울 광진구 능동 256-16,보도,미견인
2023-02-11 16:32,32000,능동,서울 광진구 능동 256-16,보도,미견인
2023-02-11 16:40,32000,중곡동,서울 광진구 중곡동 80-13,보도,미견인
2023-02-11 16:43,32000,중곡동,서울 광진구 중곡동 80-9,보도,미견인
2023-02-11 17:29,40000,중곡동,서울 광진구 중곡동 440,버스정류소,미견인
2023-02-11 18:45,32000,자양동,서울 광진구 자양동 712,횡단보도,미견인
2023-02-11 18:47,32000,자양동,서울 광진구 자양동 712,버스정류소,미견인
2023-02-11 18:49,32000,자양동,서울 광진구 자양동 712,버스정류소,미견인
2023-02-11 18:52,32000,자양동,서울 광진구 자양동 712,횡단보도,미견인
2023-02-11 18:54,32000,자양동,서울 광진구 자양동 712,버스정류소,미견인
2023-02-11 18:56,32000,자양동,서울 광진구 자양동 712,버스정류소,미견인
2023-02-11 19:51,32000,자양동,서울 광진구 자양동 508-9,보도,미견인
2023-02-11 21:16,32000,자양동,서울 광진구 자양동 508-9,보도,미견인
2023-02-11 21:44,32000,화양동,서울특별시 광진구 아차산로 205,보도,미견인
2023-02-11 23:12,32000,구의동,서울 광진구 구의동 245-24,보도,미견인
2023-02-12 13:58,32000,자양동,서울 광진구 자양동 497-2,교차로,미견인
2023-02-12 15:56,32000,화양동,서울특별시 광진구 아차산로 205,보도,미견인
2023-02-12 18:10,10000,화양동,서울 광진구 화양동 2-50,보도,미견인
2023-02-12 18:16,32000,구의동,서울 광진구 구의동 30-9,보도,미견인
2023-02-12 18:33,32000,중곡동,서울 광진구 긴고랑로 43,버스정류소,미견인
2023-02-12 18:36,32000,중곡동,서울 광진구 중곡동 277-6,횡단보도,미견인
2023-02-12 19:50,32000,자양동,서울 광진구 자양동 225-76 주차장막음,주차금지(황색점선)구역,견인처리
2023-02-12 19:54,32000,화양동,서울특별시 광진구 능동로19길 35,교차로,미견인
2023-02-12 19:58,32000,중곡동,서울 광진구 중곡동 245-1,보도,미견인
2023-02-12 20:01,32000,중곡동,서울 광진구 중곡동 277-5,보도,미견인
2023-02-12 20:07,32000,중곡동,서울특별시 광진구 긴고랑로 28,보도,미견인
2023-02-12 20:11,32000,중곡동,서울 광진구 중곡동 249-28,보도,미견인
2023-02-12 20:15,32000,중곡동,서울 광진구 중곡동 249-5,보도,미견인
2023-02-12 20:20,32000,중곡동,서울특별시 광진구 동일로 364,보도,미견인
2023-02-12 20:30,32000,중곡동,서울 광진구 중곡동 247-5,보도,미견인
2023-02-12 21:33,32000,구의동,서울특별시 광진구 광나루로56길 32,주정차금지(황색실선)구역,미견인
2023-02-12 21:34,40000,구의동,서울특별시 광진구 광나루로56길 32,주정차금지(황색실선)구역,미견인
2023-02-12 21:34,32000,구의동,서울특별시 광진구 광나루로56길 32,주정차금지(황색실선)구역,미견인
2023-02-12 21:35,32000,구의동,서울특별시 광진구 광나루로56길 32,주정차금지(황색실선)구역,미견인
2023-02-12 21:35,32000,구의동,서울특별시 광진구 광나루로56길 32,주정차금지(황색실선)구역,미견인
2023-02-12 23:53,32000,구의동,서울 광진구 구의동 222-9,교통소통장애,미견인
2023-02-12 23:54,32000,구의동,서울 광진구 구의동 222-9,교통소통장애,미견인
2023-02-13 6:56,32000,자양동,서울 광진구 자양동 794-10,보도,미견인
2023-02-13 7:08,32000,구의동,서울 광진구 구의동 660,주정차금지(황색실선)구역,미견인
2023-02-13 7:09,32000,구의동,서울 광진구 구의동 660,주정차금지(황색실선)구역,미견인
2023-02-13 7:57,32000,자양동,서울 광진구 자양동 45-5,주차금지(황색점선)구역,미견인
2023-02-13 7:59,32000,자양동,서울 광진구 자양동 45-5,주차금지(황색점선)구역,미견인
2023-02-13 8:04,32000,자양동,서울 광진구 자양동 508-9,주차금지(황색점선)구역,미견인
2023-02-13 8:05,32000,자양동,서울 광진구 자양동 508-9,주차금지(황색점선)구역,미견인
2023-02-13 8:28,32000,광장동,서울 광진구 광장동 381-50,안전지대,미견인
2023-02-13 8:34,32000,광장동,서울 광진구 광장동 258-30,교통소통장애,미견인
2023-02-13 8:55,96000,광장동,서울특별시 광진구 아차산로70길 35,주차방법위반,견인처리
2023-02-13 8:58,96000,광장동,서울특별시 광진구 아차산로70길 62,주정차금지(황색실선)구역,미견인
2023-02-13 9:07,32000,광장동,서울 광진구 광장동 60-3,안전지대,미견인
2023-02-13 14:01,40000,광장동,서울 광진구 광장동 141-3,도로 모퉁이,미견인
2023-02-13 14:02,32000,광장동,서울 광진구 광장동 141-3,도로 모퉁이,미견인
2023-02-13 14:02,40000,광장동,서울 광진구 광장동 141-3,주정차금지(황색실선)구역,미견인
2023-02-13 14:03,32000,광장동,서울 광진구 광장동 141-3,교통소통장애,미견인
2023-02-13 14:29,40000,중곡동,서울 광진구 중곡동 647-17,보도,미견인
2023-02-13 14:31,32000,중곡동,서울 광진구 중곡동 647-19,보도,미견인
2023-02-13 14:41,32000,중곡동,서울 광진구 중곡동 132-24,보도,미견인
2023-02-13 14:44,40000,중곡동,서울 광진구 중곡동 131-9,보도,미견인
2023-02-13 14:47,40000,중곡동,서울 광진구 중곡동 131-9,보도,미견인
2023-02-13 14:50,32000,중곡동,서울 광진구 중곡동 131-9,보도,미견인
2023-02-13 14:55,32000,중곡동,서울특별시 광진구 천호대로 635,보도,미견인
2023-02-13 15:00,32000,중곡동,서울 광진구 중곡동 117-4,보도,미견인
2023-02-13 15:14,32000,능동,서울 광진구 능동 256-16,보도,미견인
2023-02-13 15:17,32000,능동,서울 광진구 능동 255-18,보도,미견인
2023-02-13 15:53,32000,구의동,서울 광진구 구의동 613-11,주정차금지(황색실선)구역,미견인
2023-02-13 15:54,32000,구의동,서울 광진구 구의동 613-11,교통소통장애,미견인
2023-02-13 16:03,40000,광장동,서울 광진구 광장동 556-8,횡단보도,미견인
2023-02-13 16:03,32000,광장동,서울 광진구 광장동 556-8,교통소통장애,미견인
2023-02-13 16:14,32000,능동,서울 광진구 능동 276-1,보도,미견인
2023-02-13 16:42,40000,구의동,서울 광진구 구의동 218-25,보도,미견인
2023-02-13 17:04,32000,광장동,서울특별시 광진구 아차산로78길 90,횡단보도,미견인
2023-02-13 17:17,40000,광장동,서울 광진구 광장동 314-5,교통소통장애,미견인
2023-02-13 17:21,32000,구의동,서울 광진구 구의동 609-1,횡단보도,미견인
2023-02-13 19:27,32000,구의동,서울 광진구 구의동 547-6,교통소통장애,미견인
2023-02-13 20:08,32000,자양동,서울 광진구 자양동 553-22,안전지대,미견인
2023-02-13 20:24,32000,자양동,서울 광진구 자양동 858,교차로,미견인
2023-02-13 21:59,40000,중곡동,서울 광진구 중곡동 273-1,보도,미견인
2023-02-14 13:13,50000,구의동,서울 광진구 구의동 594-2,보도,미견인
2023-02-14 13:49,32000,중곡동,서울 광진구 중곡동 132-24,보도,미견인
2023-02-14 13:54,40000,중곡동,서울 광진구 중곡동 131-9,보도,미견인
2023-02-14 13:57,32000,중곡동,서울 광진구 중곡동 131-9,보도,미견인
2023-02-14 13:59,32000,중곡동,서울 광진구 중곡동 131-9,보도,미견인
2023-02-14 14:03,32000,능동,서울 광진구 능동 246-9,보도,미견인
2023-02-14 14:09,40000,능동,서울 광진구 능동 237-11,보도,미견인
2023-02-14 14:22,32000,능동,서울 광진구 능동 255-18,보도,미견인
2023-02-14 14:33,40000,중곡동,서울 광진구 중곡동 80-8,보도,미견인
2023-02-14 14:51,32000,중곡동,서울 광진구 중곡동 266-5,보도,미견인
2023-02-14 15:14,32000,중곡동,서울특별시 광진구 능동로 326,보도,미견인
2023-02-14 15:17,32000,중곡동,서울 광진구 중곡동 161-23,보도,미견인
2023-02-14 18:54,32000,화양동,서울특별시 광진구 아차산로 205,보도,미견인
2023-02-14 21:46,32000,자양동,서울 광진구 자양동 742,보도,미견인
2023-02-14 23:36,32000,자양동,서울특별시 광진구 동일로12길 24,교차로,미견인
2023-02-15 7:36,32000,군자동,서울 광진구 군자동 498,보도,미견인
2023-02-15 12:15,40000,중곡동,서울특별시 광진구 능동로 346,보도,미견인
2023-02-15 12:29,32000,중곡동,서울 광진구 중곡동 79-9,보도,미견인
2023-02-15 12:36,40000,중곡동,서울특별시 광진구 영화사로 17,버스정류소,미견인
2023-02-15 12:39,32000,중곡동,서울특별시 광진구 영화사로 29-1,버스정류소,미견인
2023-02-15 12:42,32000,중곡동,서울 광진구 중곡동 453,보도,미견인
2023-02-15 12:48,32000,중곡동,서울 광진구 중곡동 440,보도,미견인
2023-02-15 12:51,40000,중곡동,서울 광진구 중곡동 440,보도,미견인
2023-02-15 14:15,40000,구의동,서울 광진구 구의동 203-27,보도,미견인
2023-02-15 15:26,40000,중곡동,서울 광진구 중곡동 453,버스정류소,미견인
2023-02-15 15:31,40000,중곡동,서울 광진구 중곡동 453,보도,미견인
2023-02-15 15:50,32000,중곡동,서울 광진구 중곡동 131-9,보도,미견인
2023-02-15 15:59,32000,중곡동,서울 광진구 중곡동 341-31,보도,미견인
2023-02-15 20:27,40000,중곡동,서울 광진구 중곡동 265-5,소방차(긴급차량)통행장애,미견인
2023-02-15 22:41,40000,자양동,서울 광진구 자양동 550-2,안전지대,미견인
2023-02-15 22:43,40000,자양동,서울 광진구 자양동 508-9,안전지대,미견인
2023-02-15 22:55,32000,광장동,서울 광진구 광장동 486-1,소화전,미견인
2023-02-15 23:06,32000,광장동,서울 광진구 광장동 278-2,도로 모퉁이,미견인
2023-02-15 23:23,32000,자양동,서울 광진구 자양동 751,보도,미견인
2023-02-15 23:28,32000,중곡동,서울 광진구 중곡동 554-1,횡단보도,미견인
2023-02-16 13:56,32000,중곡동,서울 광진구 중곡동 676,보도,미견인
2023-02-16 14:06,32000,중곡동,서울특별시 광진구 천호대로 573,보도,미견인
2023-02-16 14:10,40000,중곡동,서울 광진구 중곡동 132-10,보도,미견인
2023-02-16 14:14,32000,중곡동,서울특별시 광진구 천호대로 601,보도,미견인
2023-02-16 14:17,32000,중곡동,서울 광진구 중곡동 131-9,보도,미견인
2023-02-16 14:19,32000,자양동,서울 광진구 자양동 712,버스정류소,미견인
2023-02-16 14:25,32000,능동,서울특별시 광진구 천호대로 632,보도,미견인
2023-02-16 14:55,40000,중곡동,서울 광진구 중곡동 453,보도,미견인
2023-02-16 15:12,32000,중곡동,서울특별시 광진구 용마산로 44,보도,미견인
2023-02-16 15:20,32000,능동,서울 광진구 능동 256-16,보도,미견인
2023-02-16 15:23,32000,능동,서울 광진구 능동 255-4,보도,미견인
2023-02-16 16:23,32000,중곡동,서울특별시 광진구 능동로 340,보도,미견인
2023-02-16 18:37,32000,자양동,서울특별시 광진구 자양로13길 19,횡단보도,미견인
2023-02-17 11:12,32000,광장동,서울특별시 광진구 아차산로78길 90,보도,미견인
2023-02-17 11:35,32000,화양동,서울 광진구 화양동 7-4,횡단보도,미견인
2023-02-17 13:25,40000,중곡동,서울 광진구 중곡동 264-6,보도,미견인
2023-02-17 13:27,32000,중곡동,서울 광진구 중곡동 264-6,보도,미견인
2023-02-17 13:57,32000,중곡동,서울 광진구 중곡동 341-31,보도,미견인
2023-02-17 14:01,32000,중곡동,서울특별시 광진구 천호대로 593,보도,미견인
2023-02-17 14:04,32000,중곡동,서울 광진구 중곡동 132-24,보도,미견인
2023-02-17 14:07,32000,중곡동,서울 광진구 중곡동 132-24,보도,미견인
2023-02-17 14:27,32000,중곡동,서울 광진구 중곡동 80-13,보도,미견인
2023-02-17 14:38,32000,구의동,서울 광진구 구의동 15-1,보도,미견인
2023-02-17 14:41,32000,구의동,서울 광진구 구의동 15-1,보도,미견인
2023-02-17 14:42,32000,자양동,서울 광진구 자양동 659-33,보도,미견인
2023-02-17 14:59,32000,광장동,서울 광진구 광장동 370-3,안전지대,미견인
2023-02-17 15:20,32000,능동,서울 광진구 능동 247-16,보도,미견인
2023-02-17 15:25,40000,구의동,서울 광진구 구의동 242-23,횡단보도,미견인
2023-02-17 15:34,40000,중곡동,서울 광진구 중곡동 341-8,보도,미견인
2023-02-17 15:39,40000,중곡동,서울 광진구 중곡동 140-19,보도,미견인
2023-02-17 16:55,32000,능동,서울 광진구 능동 276-5,보도,미견인
2023-02-17 18:41,32000,자양동,서울 광진구 자양동 219-1,횡단보도,미견인
2023-02-17 18:44,32000,자양동,서울 광진구 자양동 710,횡단보도,미견인
2023-02-17 20:12,32000,중곡동,서울 광진구 중곡동 676,보도,미견인
2023-02-17 20:15,32000,중곡동,서울 광진구 중곡동 647-23,보도,미견인
2023-02-17 20:18,32000,중곡동,서울 광진구 중곡동 647-16,보도,미견인
2023-02-17 21:59,32000,중곡동,서울 광진구 중곡동 265-5,소방차(긴급차량)통행장애,미견인
2023-02-18 0:18,32000,중곡동,서울 광진구 중곡동 38-10,횡단보도,미견인
2023-02-18 0:37,32000,중곡동,서울 광진구 중곡동 165-2,보도,미견인
2023-02-18 0:48,32000,중곡동,서울 광진구 중곡동 246-5,보도,미견인
2023-02-18 0:51,32000,중곡동,서울 광진구 중곡동 246-8,보도,미견인
2023-02-18 0:55,32000,중곡동,서울 광진구 중곡동 277-11,횡단보도,미견인
2023-02-18 0:58,32000,중곡동,서울 광진구 중곡동 239-22,보도,미견인
2023-02-18 1:03,40000,중곡동,서울특별시 광진구 동일로 368-1,보도,미견인
2023-02-18 1:14,32000,중곡동,서울 광진구 중곡동 164-1,횡단보도,미견인
2023-02-18 11:31,50000,군자동,서울 광진구 군자동 467-21,보도,미견인
2023-02-18 12:16,32000,자양동,서울 광진구 자양동 712,버스정류소,미견인
2023-02-18 13:49,32000,자양동,서울 광진구 자양동 223-18,보도,미견인
2023-02-18 16:16,32000,자양동,서울 광진구 자양동 710,횡단보도,미견인
2023-02-18 16:18,32000,자양동,서울 광진구 자양동 624-26,횡단보도,미견인
2023-02-18 18:13,32000,중곡동,서울 광진구 중곡동 277-5,버스정류소,미견인
2023-02-18 18:47,40000,중곡동,서울 광진구 중곡동 277-6,버스정류소,미견인
2023-02-18 19:04,40000,중곡동,서울 광진구 중곡동 241-15,버스정류소,미견인
2023-02-18 19:27,40000,중곡동,서울 광진구 중곡동 277-5,보도,미견인
2023-02-18 20:29,32000,자양동,서울 광진구 자양동 727,보도,미견인
2023-02-19 0:46,32000,중곡동,서울 광진구 중곡동 241-15,버스정류소,미견인
2023-02-19 0:49,40000,중곡동,서울특별시 광진구 면목로 112,보도,미견인
2023-02-19 0:52,32000,중곡동,서울 광진구 중곡동 231-7,보도,미견인
2023-02-19 1:01,32000,중곡동,서울 광진구 중곡동 264-1,보도,미견인
2023-02-19 1:04,40000,중곡동,서울특별시 광진구 면목로 112,보도,미견인
2023-02-19 1:15,32000,중곡동,서울 광진구 중곡동 263-1,보도,미견인
2023-02-19 1:22,32000,중곡동,서울 광진구 중곡동 247-3,버스정류소,미견인
2023-02-19 1:33,32000,중곡동,서울 광진구 중곡동 165-2,보도,미견인
2023-02-19 10:37,32000,구의동,서울 광진구 구의동 254-123,보도,미견인
2023-02-19 12:59,32000,화양동,서울 광진구 화양동 24-33,보도,미견인
2023-02-19 15:23,32000,광장동,서울 광진구 광장동 370-3,안전지대,미견인
2023-02-19 15:51,32000,구의동,서울 광진구 구의동 547,보도,미견인
2023-02-19 15:57,32000,자양동,서울 광진구 자양동 624-45,횡단보도,미견인
2023-02-19 16:27,32000,자양동,서울특별시 광진구 동일로12길 28,교차로,미견인
2023-02-19 17:28,32000,자양동,서울 광진구 자양동 719,횡단보도,미견인
2023-02-19 17:32,32000,자양동,서울 광진구 자양동 720,횡단보도,미견인
2023-02-19 17:52,32000,구의동,서울 광진구 구의동 217-16,횡단보도,미견인
2023-02-19 20:17,32000,군자동,서울 광진구 군자동 364-1,보도,미견인
2023-02-20 10:17,32000,광장동,서울 광진구 광장동 330-8,보도,미견인
2023-02-20 15:21,32000,중곡동,서울 광진구 중곡동 273-1,보도,미견인
2023-02-20 16:22,32000,능동,서울 광진구 천호대로 656-2 (능동),보도,미견인
2023-02-20 16:55,40000,중곡동,서울 광진구 천호대로 577-2 (중곡동),보도,미견인
2023-02-20 18:27,32000,중곡동,서울 광진구 중곡동 647-20,보도,미견인
2023-02-20 18:32,32000,구의동,서울 광진구 구의동 609-1,횡단보도,미견인
2023-02-20 18:56,32000,중곡동,서울 광진구 중곡동 43-4,보도,미견인
2023-02-20 19:03,32000,중곡동,서울 광진구 중곡동 125-1,보도,미견인
2023-02-20 19:17,32000,중곡동,서울 광진구 중곡동 440,버스정류소,미견인
2023-02-20 21:20,40000,자양동,서울 광진구 자양동 553-22,안전지대,미견인
2023-02-20 21:54,32000,중곡동,서울특별시 광진구 긴고랑로 15,보도,미견인
2023-02-21 9:46,120000,자양동,서울 광진구 자양동 761-2,주정차금지(황색실선)구역,미견인
2023-02-21 12:06,32000,자양동,서울 광진구 자양동 774-18,보도,미견인
2023-02-21 14:33,32000,구의동,서울 광진구 구의동 202-17,보도,미견인
2023-02-21 14:35,50000,구의동,서울 광진구 구의동 201-2,보도,미견인
2023-02-21 15:28,32000,광장동,서울 광진구 광장동 141-2,횡단보도,미견인
2023-02-21 17:55,32000,중곡동,서울 광진구 중곡동 453,버스정류소,미견인
2023-02-21 20:43,32000,중곡동,서울 광진구 중곡동 440,버스정류소,미견인
2023-02-21 21:07,8000,자양동,서울 광진구 자양동 553-22,안전지대,미견인
2023-02-21 21:09,32000,자양동,서울 광진구 자양동 553-606,보도,미견인
2023-02-22 0:06,32000,구의동,서울 광진구 구의동 200-10,주정차금지(황색실선)구역,미견인
2023-02-22 0:06,32000,구의동,서울 광진구 구의동 200-10,주정차금지(황색실선)구역,미견인
2023-02-22 2:36,32000,자양동,서울 광진구 자양동 719,횡단보도,미견인
2023-02-22 7:17,32000,자양동,서울 광진구 자양동 710,횡단보도,미견인
2023-02-22 7:19,32000,자양동,서울 광진구 자양동 627-29,횡단보도,미견인
2023-02-22 7:25,32000,중곡동,서울 광진구 중곡동 438-3,소화전,미견인
2023-02-22 8:34,32000,구의동,서울 광진구 구의동 252-16,교차로,미견인
2023-02-22 11:14,32000,화양동,서울특별시 광진구 능동로 172,보도,미견인
2023-02-22 11:14,32000,화양동,서울특별시 광진구 능동로 172,보도,미견인
2023-02-22 11:14,32000,화양동,서울특별시 광진구 능동로 172,보도,미견인
2023-02-22 11:14,32000,화양동,서울특별시 광진구 능동로 172,보도,미견인
2023-02-22 11:14,32000,화양동,서울특별시 광진구 능동로 172,보도,미견인
2023-02-22 11:14,32000,화양동,서울특별시 광진구 능동로 172,보도,미견인
2023-02-22 11:14,32000,화양동,서울특별시 광진구 능동로 172,보도,미견인
2023-02-22 11:14,32000,화양동,서울특별시 광진구 능동로 172,보도,미견인
2023-02-22 11:34,32000,중곡동,서울 광진구 중곡동 273-1,보도,미견인
2023-02-22 18:33,32000,자양동,서울특별시 광진구 자양로13길 13,횡단보도,미견인
2023-02-22 18:35,32000,자양동,서울특별시 광진구 자양로13길 19,횡단보도,미견인
2023-02-22 18:40,32000,자양동,서울 광진구 자양동 714,횡단보도,미견인
2023-02-22 19:43,32000,구의동,서울 광진구 구의동 607,보도,미견인
2023-02-22 20:41,32000,자양동,서울 광진구 자양동 553-606,보도,미견인
2023-02-22 20:51,32000,중곡동,서울 광진구 중곡동 453,보도,미견인
2023-02-23 10:54,32000,군자동,서울 광진구 천호대로 520 (군자동),보도,미견인
2023-02-23 15:47,32000,능동,서울 광진구 능동 256-16,주차금지(황색점선)구역,미견인
2023-02-23 15:54,32000,능동,서울 광진구 천호대로 656-2 (능동),보도,미견인
2023-02-23 15:56,32000,능동,서울 광진구 능동 256-16,주차금지(황색점선)구역,미견인
2023-02-23 17:47,32000,광장동,서울특별시 광진구 구천면로 2,안전지대,미견인
2023-02-23 20:07,32000,자양동,서울 광진구 자양동 712,버스정류소,미견인
2023-02-23 20:13,32000,중곡동,서울 광진구 중곡동 453,버스정류소,미견인
2023-02-23 20:24,40000,중곡동,서울 광진구 중곡동 266-5,보도,미견인
2023-02-23 20:36,32000,중곡동,서울 광진구 중곡동 277-7,보도,미견인
2023-02-23 20:40,32000,중곡동,서울특별시 광진구 면목로 112,보도,미견인
2023-02-23 20:50,32000,중곡동,서울 광진구 중곡동 238-3,보도,미견인
2023-02-24 0:52,32000,자양동,서울 광진구 자양동 719,횡단보도,미견인
2023-02-24 7:16,40000,자양동,서울 광진구 자양동 710,횡단보도,미견인
2023-02-24 9:31,32000,구의동,서울 광진구 구의동 203-27,보도,미견인
2023-02-24 9:32,32000,구의동,서울 광진구 구의동 203-27,보도,미견인
2023-02-24 13:09,32000,광장동,서울특별시 광진구 아차산로78길 90,보도,미견인
2023-02-24 13:12,32000,광장동,서울 광진구 광장동 141-2,교차로,미견인
2023-02-24 16:00,32000,중곡동,서울 광진구 중곡동 140-2,보도,미견인
2023-02-24 16:05,32000,중곡동,서울 광진구 중곡동 131-9,보도,미견인
2023-02-24 16:16,32000,능동,서울 광진구 능동 246-9,보도,미견인
2023-02-24 16:20,32000,군자동,서울 광진구 군자동 363-43,보도,미견인
2023-02-24 16:22,32000,능동,서울 광진구 능동 255-4,보도,미견인
2023-02-24 16:49,32000,중곡동,서울 광진구 중곡동 453,보도,미견인
2023-02-24 16:58,32000,중곡동,서울 광진구 중곡동 80-13,보도,미견인
2023-02-24 19:07,32000,자양동,서울 광진구 자양동 710,횡단보도,미견인
2023-02-24 21:27,32000,자양동,서울 광진구 자양동 712,버스정류소,미견인
2023-02-24 21:31,32000,중곡동,서울 광진구 중곡동 241-15,버스정류소,미견인
2023-02-24 21:35,32000,광장동,서울특별시 광진구 아차산로 633,보도,미견인
2023-02-24 21:36,32000,중곡동,서울 광진구 중곡동 277-5,보도,미견인
2023-02-25 0:06,40000,자양동,서울특별시 광진구 능동로 42,안전지대,미견인
2023-02-25 0:11,32000,자양동,서울 광진구 자양동 97-1,도로 모퉁이,미견인
2023-02-25 0:34,32000,군자동,서울 광진구 군자동 374-8,보도,미견인
2023-02-25 0:36,32000,군자동,서울 광진구 군자동 374-19,안전지대,미견인
2023-02-25 3:02,32000,자양동,서울 광진구 자양동 227-88,주차금지(황색점선)구역,견인처리
2023-02-25 5:45,32000,자양동,서울특별시 광진구 뚝섬로 472,버스정류소,미견인
2023-02-25 8:11,32000,군자동,서울 광진구 군자동 53-15 주차장막음,주차방법위반,견인처리
2023-02-25 9:00,32000,구의동,서울특별시 광진구 광나루로 516,이중주차,미견인
2023-02-25 10:39,32000,자양동,서울특별시 광진구 자양번영로 59,주차구획선외 주차,미견인
2023-02-25 11:01,32000,화양동,서울특별시 광진구 동일로30길 32,교통소통장애,미견인
2023-02-25 11:07,8000,화양동,서울 광진구 화양동 36-36,도로 모퉁이,미견인
2023-02-25 11:42,40000,자양동,서울 광진구 자양동 712-2,교통소통장애,미견인
2023-02-25 12:55,32000,자양동,서울특별시 광진구 자양로13길 19,보도,미견인
2023-02-25 15:21,32000,자양동,서울 광진구 자양동 710,횡단보도,미견인
2023-02-25 15:24,32000,자양동,서울특별시 광진구 자양로13길 19,횡단보도,미견인
2023-02-25 15:26,32000,자양동,서울특별시 광진구 자양로13길 19,보도,미견인
2023-02-25 15:33,32000,자양동,서울 광진구 자양동 623-3,횡단보도,미견인
2023-02-25 16:09,32000,구의동,서울 광진구 구의동 595,보도,미견인
2023-02-25 20:20,32000,중곡동,서울 광진구 중곡동 440,횡단보도,미견인
2023-02-25 20:27,32000,중곡동,서울 광진구 중곡동 83-9,버스정류소,미견인
2023-02-25 20:36,32000,중곡동,서울 광진구 중곡동 38-10,횡단보도,미견인
2023-02-25 20:45,32000,중곡동,서울 광진구 중곡동 277-5,횡단보도,미견인
2023-02-25 20:48,32000,중곡동,서울 광진구 중곡동 277-7,보도,미견인
2023-02-25 20:56,32000,중곡동,서울특별시 광진구 긴고랑로 31,보도,미견인
2023-02-25 20:59,32000,중곡동,서울 광진구 중곡동 245-1,보도,미견인
2023-02-25 21:07,32000,중곡동,서울 광진구 중곡동 246-8,보도,미견인
2023-02-25 21:13,32000,중곡동,서울 광진구 중곡동 280-2,횡단보도,미견인
2023-02-25 21:14,32000,자양동,서울 광진구 자양동 549,보도,미견인
2023-02-25 21:18,32000,중곡동,서울 광진구 중곡동 249-1,보도,미견인
2023-02-25 21:24,32000,중곡동,서울 광진구 중곡동 246-8,보도,미견인
2023-02-25 21:32,32000,중곡동,서울 광진구 중곡동 277-5,버스정류소,미견인
2023-02-25 22:22,32000,중곡동,서울 광진구 중곡동 277-6,횡단보도,미견인
2023-02-26 14:16,32000,자양동,서울특별시 광진구 자양로13길 19,보도,미견인
2023-02-26 14:18,32000,자양동,서울 광진구 자양동 627-29,횡단보도,미견인
2023-02-26 15:07,32000,구의동,서울 광진구 구의동 595,보도,미견인
2023-02-26 17:06,32000,구의동,서울 광진구 구의동 223-10,보도,미견인
2023-02-26 17:13,32000,구의동,서울 광진구 구의동 227-17,보도,미견인
2023-02-26 17:38,32000,중곡동,서울 광진구 중곡동 273-1,버스정류소,미견인
2023-02-26 18:12,32000,중곡동,서울 광진구 중곡동 43-5,보도,미견인
2023-02-26 18:17,40000,중곡동,서울특별시 광진구 능동로 366,보도,미견인
2023-02-26 18:18,32000,능동,서울특별시 광진구 천호대로 568,보도,미견인
2023-02-26 18:20,32000,중곡동,서울특별시 광진구 능동로 366,보도,미견인
2023-02-26 18:27,32000,중곡동,서울 광진구 중곡동 161-23,보도,미견인
2023-02-26 20:45,32000,자양동,서울 광진구 자양동 712,버스정류소,미견인
2023-02-26 21:20,32000,중곡동,서울 광진구 중곡동 277-11,버스정류소,미견인
2023-02-26 21:28,32000,중곡동,서울 광진구 중곡동 247-3,버스정류소,미견인
2023-02-26 21:35,32000,중곡동,서울 광진구 중곡동 246-8,보도,미견인
2023-02-26 21:40,32000,중곡동,서울 광진구 중곡동 277-7,보도,미견인
2023-02-26 22:41,32000,중곡동,서울 광진구 중곡동 265-5,소방차(긴급차량)통행장애,미견인
2023-02-27 7:14,32000,자양동,서울 광진구 자양동 710,횡단보도,미견인
2023-02-27 10:41,32000,중곡동,서울 광진구 중곡동 264-6,횡단보도,미견인
2023-02-27 11:19,32000,화양동,서울 광진구 화양동 111-117,보도,미견인
2023-02-27 11:20,32000,화양동,서울특별시 광진구 능동로 172,보도,미견인
2023-02-27 18:33,32000,자양동,서울 광진구 자양동 710,횡단보도,미견인
2023-02-27 18:37,16000,자양동,서울 광진구 자양동 714,횡단보도,미견인
2023-02-27 19:55,32000,중곡동,서울 광진구 중곡동 165-2,보도,미견인
2023-02-27 20:10,40000,중곡동,서울 광진구 중곡동 266-5,보도,미견인
2023-02-27 20:12,32000,중곡동,서울 광진구 중곡동 266-5,보도,미견인
2023-02-27 20:15,32000,자양동,서울 광진구 자양동 659-32,보도,미견인
2023-02-27 21:29,32000,자양동,서울 광진구 자양동 719,횡단보도,미견인
2023-02-27 21:35,32000,중곡동,서울 광진구 중곡동 277-5,버스정류소,미견인
2023-02-27 21:40,32000,중곡동,서울 광진구 중곡동 245-1,보도,미견인
2023-02-27 21:42,32000,중곡동,서울 광진구 중곡동 246-7,보도,미견인
2023-02-27 22:00,32000,중곡동,서울 광진구 중곡동 277-5,버스정류소,미견인
2023-02-27 22:24,32000,중곡동,서울 광진구 중곡동 242-3,버스정류소,미견인
2023-02-27 22:39,32000,구의동,서울 광진구 구의동 257-139,도로 모퉁이,미견인
2023-02-27 22:40,32000,구의동,서울 광진구 구의동 257-139 사선주차,도로 모퉁이,미견인
2023-02-27 22:40,32000,구의동,서울 광진구 구의동 257-139 사선주차,도로 모퉁이,미견인
2023-02-27 22:43,32000,중곡동,서울 광진구 중곡동 132-24,보도,미견인
2023-02-27 22:54,32000,중곡동,서울 광진구 중곡동 266-5,보도,미견인
2023-02-27 23:45,32000,화양동,서울특별시 광진구 능동로 172,주정차금지(황색실선)구역,미견인
2023-02-27 23:46,32000,화양동,서울특별시 광진구 능동로 172,도로 모퉁이,미견인
2023-02-28 10:26,8000,화양동,서울특별시 광진구 능동로 172,보도,미견인
2023-02-28 10:26,32000,화양동,서울특별시 광진구 능동로 172,보도,미견인
2023-02-28 10:26,32000,화양동,서울특별시 광진구 능동로 172,보도,미견인
2023-02-28 10:58,32000,자양동,서울특별시 광진구 자양로13길 19,횡단보도,미견인
2023-02-28 13:41,32000,자양동,서울 광진구 자양동 627-29,횡단보도,미견인
2023-02-28 13:51,32000,자양동,서울 광진구 자양동 596-7,횡단보도,미견인
2023-02-28 15:19,32000,중곡동,서울 광진구 중곡동 162-13,보도,미견인
2023-02-28 15:21,32000,중곡동,서울 광진구 중곡동 675,보도,미견인
2023-02-28 15:30,32000,중곡동,서울 광진구 중곡동 341-31,보도,미견인
2023-02-28 15:34,32000,중곡동,서울 광진구 중곡동 140-29,보도,미견인
2023-02-28 15:45,32000,능동,서울특별시 광진구 천호대로 632,보도,미견인
2023-02-28 15:51,32000,자양동,서울 광진구 자양동 617-36,횡단보도,미견인
2023-02-28 15:53,32000,중곡동,서울 광진구 중곡동 93-10,보도,미견인
2023-02-28 16:17,32000,구의동,서울 광진구 구의동 587-13,보도,미견인
2023-02-28 18:35,32000,중곡동,서울 광진구 중곡동 440,버스정류소,미견인
2023-02-28 19:08,32000,중곡동,서울 광진구 중곡동 277-5,버스정류소,미견인
2023-02-28 19:15,32000,중곡동,서울 광진구 중곡동 277-5,버스정류소,미견인
2023-02-28 21:23,8000,자양동,서울 광진구 자양동 659-32,보도,미견인
2023-02-28 21:38,32000,화양동,서울 광진구 능동로 154,보도,미견인
2023-02-28 22:36,32000,자양동,서울 광진구 자양동 12-10,교차로,미견인
